ROC_AUC,PR_AUC_active,PR_AUC_inactive,MCC,BalancedAcc,Recall_active,Recall_inactive,Precision_active,Precision_inactive,Brier,threshold,TN,FP,FN,TP,model,fold,split
0.9997353133872026,0.9999867618939265,0.9936522096897904,0.9487907761432395,0.95622100895392,0.999578947368421,0.9128630705394191,0.9955965611239254,0.990990990990991,0.004049876293175494,0.5,220,21,2,4748,No_resampling,1,Train
0.9715909090909092,0.9983510265826467,0.8479818316650924,0.8100771102052131,0.8509048821548821,0.9981060606060606,0.7037037037037037,0.9850467289719627,0.95,0.015248982860303588,0.5,19,8,1,527,No_resampling,1,Validation
0.8551154966468716,0.9908068125445413,0.35750770513749397,0.3739042259919285,0.6159990516404362,0.9931921331316188,0.23880597014925373,0.9626099706744868,0.64,0.03939956173766589,0.5,16,51,9,1313,No_resampling,1,Test
0.9997204629831841,0.9999859519444483,0.9939019055767377,0.9510546396114309,0.9563262721118149,0.9997894736842106,0.9128630705394191,0.9955974842767296,0.995475113122172,0.004141202763352312,0.5,220,21,1,4749,No_resampling,2,Train
0.9722222222222221,0.9975300732172979,0.9440687834730263,0.877460116325216,0.9064604377104377,0.9981060606060606,0.8148148148148148,0.9906015037593985,0.9565217391304348,0.008721446450645815,0.5,22,5,1,527,No_resampling,2,Validation
0.8498769390566081,0.9904966989504855,0.35079881576224886,0.3739042259919285,0.6159990516404362,0.9931921331316188,0.23880597014925373,0.9626099706744868,0.64,0.04010822018968771,0.5,16,51,9,1313,No_resampling,2,Test
0.9998139331731819,0.9999906628835383,0.9958657059592201,0.955602335798657,0.9624450753439615,0.999578947368421,0.9253112033195021,0.9962232480067142,0.9911111111111112,0.0037496959025558143,0.5,223,18,2,4748,No_resampling,3,Train
0.9670314253647587,0.9980656140093132,0.8450771258402374,0.8125752837858236,0.868476430976431,0.9962121212121212,0.7407407407407407,0.9868667917448405,0.9090909090909091,0.014611586726405895,0.5,20,7,2,526,No_resampling,3,Validation
0.8430916521778399,0.9899858656037952,0.33883305306971334,0.3920767913280089,0.6167554812924786,0.9947049924357034,0.23880597014925373,0.9626647144948756,0.6956521739130435,0.03989625736542298,0.5,16,51,7,1315,No_resampling,3,Test
0.9998296571303777,0.9999915387880032,0.9954856158984794,0.9623591644159148,0.9666997160952173,0.9997894736842106,0.9336099585062241,0.9966421825813221,0.995575221238938,0.0035028293685284684,0.5,225,16,1,4749,No_resampling,4,Train
0.9545454545454546,0.9973167958291941,0.7918020029740017,0.7404643946455725,0.8129208754208754,0.9962121212121212,0.6296296296296297,0.9813432835820896,0.8947368421052632,0.01889613008313437,0.5,17,10,2,526,No_resampling,4,Validation
0.8415562128841421,0.9897128152025668,0.33900165252992426,0.35693279339768447,0.6085363650732721,0.9931921331316188,0.22388059701492538,0.9619047619047619,0.625,0.040689415542324185,0.5,15,52,9,1313,No_resampling,4,Test
0.9997851059183227,0.9999892874935836,0.9945710594476824,0.9510546396114309,0.9563262721118149,0.9997894736842106,0.9128630705394191,0.9955974842767296,0.995475113122172,0.004062074332609008,0.5,220,21,1,4749,No_resampling,5,Train
0.986391694725028,0.9992347470282943,0.9243299645823814,0.8796694676998162,0.9240319865319866,0.9962121212121212,0.8518518518518519,0.9924528301886792,0.92,0.009790926279854412,0.5,23,4,2,526,No_resampling,5,Validation
0.8502946688644523,0.9903638223792507,0.3481577320764872,0.35693279339768447,0.6085363650732721,0.9931921331316188,0.22388059701492538,0.9619047619047619,0.625,0.03986350663595138,0.5,15,52,9,1313,No_resampling,5,Test
0.9997824852587902,0.9999890063247852,0.9957401235707573,0.9510657612930252,0.9582956977506005,0.999578947368421,0.91701244813278,0.9958053691275168,0.9910313901345291,0.003922421036747308,0.5,221,20,2,4748,No_resampling,6,Train
0.9859708193041528,0.9992519802967537,0.8795596741216379,0.8125752837858236,0.868476430976431,0.9962121212121212,0.7407407407407407,0.9868667917448405,0.9090909090909091,0.014171126943376267,0.5,20,7,2,526,No_resampling,6,Validation
0.84953823921241,0.9902479388953394,0.33810269006592053,0.365746246283547,0.6089145798992933,0.9939485627836612,0.22388059701492538,0.9619326500732065,0.6521739130434783,0.040366903736002865,0.5,15,52,8,1314,No_resampling,6,Test
0.9998608090474119,0.999992906010962,0.9974358320279995,0.9557766570387854,0.9586776859504132,1.0,0.9173553719008265,0.9958071278825996,1.0,0.0039373987649256184,0.5,222,20,0,4750,No_resampling,7,Train
0.997960372960373,0.9999039339383655,0.8867756575246994,0.9385376555780791,0.9605914918414918,0.9981060606060606,0.9230769230769231,0.996219281663516,0.96,0.0071175860184304485,0.5,24,2,1,527,No_resampling,7,Validation
0.8534107074310747,0.9907499602682448,0.3519635786314391,0.3991781064679998,0.6238399530336216,0.9939485627836612,0.2537313432835821,0.9633431085043989,0.68,0.03950818662023051,0.5,17,50,8,1314,No_resampling,7,Test
0.9998999565028273,0.9999949086546894,0.9980921800623321,0.9535123549445036,0.9585724227925185,0.9997894736842106,0.9173553719008265,0.9958062486894527,0.9955156950672646,0.0035955993073582783,0.5,222,20,1,4749,No_resampling,8,Train
0.9480623543123543,0.9967922460786487,0.7532030359236688,0.6242507760067655,0.7471590909090908,0.9943181818181818,0.5,0.9758364312267658,0.8125,0.02219443292553392,0.5,13,13,3,525,No_resampling,8,Validation
0.849989839004674,0.9903847542801945,0.33870253169955394,0.35770566608894044,0.6152426219883939,0.9916792738275341,0.23880597014925373,0.9625550660792952,0.5925925925925926,0.04029838480895796,0.5,16,51,11,1311,No_resampling,8,Test
0.9997554565931086,0.9999878153742235,0.9937089780127195,0.9465117920592956,0.9541463644692403,0.9995790359924226,0.9087136929460581,0.9953888073779082,0.9909502262443439,0.0040086262108124816,0.5,219,22,2,4749,No_resampling,9,Train
0.9798299248014618,0.9988527988833895,0.8758338074734461,0.8330407048511433,0.8694216037669548,0.9981024667931688,0.7407407407407407,0.9868667917448405,0.9523809523809523,0.0133519999372864,0.5,20,7,1,526,No_resampling,9,Validation
0.839512723824147,0.9893811752634258,0.3356843414465674,0.34863034551585725,0.608158150247251,0.9924357034795764,0.22388059701492538,0.9618768328445748,0.6,0.04041507738360939,0.5,15,52,10,1312,No_resampling,9,Test
0.999766810394143,0.9999883478965577,0.9943784672573639,0.9442277757122886,0.9520716756725598,0.9995790359924226,0.9045643153526971,0.9951802179379715,0.990909090909091,0.004097296286065949,0.5,218,23,2,4749,No_resampling,10,Train
0.9818680160236138,0.9989982800004912,0.8724001059568804,0.7618900098884596,0.7962962962962963,1.0,0.5925925925925926,0.9795539033457249,1.0,0.015695592666852876,0.5,16,11,0,527,No_resampling,10,Validation
0.8510059385372682,0.990312207182202,0.35591551298438573,0.35693279339768447,0.6085363650732721,0.9931921331316188,0.22388059701492538,0.9619047619047619,0.625,0.03948467041221987,0.5,15,52,9,1313,No_resampling,10,Test
0.999799956322341,0.9999902464172186,0.9913378077905901,0.9627958339768542,0.9981052631578947,0.9962105263157894,1.0,1.0,0.9305019305019305,0.0040317341573921205,0.5,241,0,18,4732,RandomOverSampler,1,Train
0.9755190796857464,0.998613268642555,0.8536891542867356,0.7372567022967434,0.8813131313131313,0.9848484848484849,0.7777777777777778,0.9885931558935361,0.7241379310344828,0.018569152151523924,0.5,21,6,8,520,RandomOverSampler,1,Validation
0.8469415404068914,0.9900180134959979,0.3445759618322529,0.35058271790831713,0.6595389166120984,0.9757942511346445,0.34328358208955223,0.967016491754123,0.41818181818181815,0.04556911594198086,0.5,23,44,32,1290,RandomOverSampler,1,Test
0.9997929678969207,0.999989874122716,0.9917120442917936,0.968727716212298,0.9984210526315789,0.9968421052631579,1.0,1.0,0.94140625,0.003960383706803781,0.5,241,0,15,4735,RandomOverSampler,2,Train
0.9779040404040404,0.9983446050212296,0.9488448549295573,0.8502809968899339,0.9739057239057238,0.9848484848484849,0.9629629629629629,0.9980806142034548,0.7647058823529411,0.011888399803943529,0.5,26,1,8,520,RandomOverSampler,2,Validation
0.8429335922505475,0.989762076994639,0.35338936477634536,0.31577441930594236,0.6498069410888071,0.9712556732223904,0.3283582089552239,0.9661399548532731,0.36666666666666664,0.048756777429207455,0.5,22,45,38,1284,RandomOverSampler,2,Test
0.9998217951517799,0.9999912827173734,0.9934188245171951,0.9727394975678076,0.9986315789473684,0.9972631578947369,1.0,1.0,0.9488188976377953,0.003541375376692277,0.5,241,0,13,4737,RandomOverSampler,3,Train
0.9681537598204265,0.9981375200185311,0.847161792711324,0.7897215916556767,0.9017255892255892,0.9886363636363636,0.8148148148148148,0.9905123339658444,0.7857142857142857,0.019444394795247472,0.5,22,5,6,522,RandomOverSampler,3,Validation
0.8347370560209543,0.989134491484728,0.34405855593386947,0.3296626885066574,0.6513198003928918,0.9742813918305597,0.3283582089552239,0.9662415603900976,0.39285714285714285,0.04719367988656645,0.5,22,45,34,1288,RandomOverSampler,3,Test
0.9998095654072942,0.9999907581327621,0.9906453767840565,0.9788452249554661,0.9989473684210526,0.9978947368421053,1.0,1.0,0.9601593625498008,0.0030437445640774654,0.5,241,0,10,4740,RandomOverSampler,4,Train
0.9558782267115601,0.9973954873460418,0.7985953203006625,0.7452638777526079,0.8304924242424242,0.9943181818181818,0.6666666666666666,0.9831460674157303,0.8571428571428571,0.01926307369116314,0.5,18,9,3,525,RandomOverSampler,4,Validation
0.8315984374647187,0.9886117084044568,0.34115593118476295,0.3091258293189251,0.6431006841736853,0.972768532526475,0.31343283582089554,0.9654654654654654,0.3684210526315789,0.04794818550311413,0.5,21,46,36,1286,RandomOverSampler,4,Test
0.9998209215986023,0.9999912900313346,0.9922600226321079,0.9667390944593544,0.9983157894736843,0.9966315789473684,1.0,1.0,0.9377431906614786,0.003684954417125757,0.5,241,0,16,4734,RandomOverSampler,5,Train
0.9830246913580246,0.9990490154547023,0.905211543306803,0.8203017475411687,0.9378156565656566,0.9867424242424242,0.8888888888888888,0.9942748091603053,0.7741935483870968,0.01674842551496549,0.5,24,3,7,521,RandomOverSampler,5,Validation
0.8463318806873348,0.9898267327734156,0.3421456938452839,0.3371374127954496,0.6520762300449342,0.9757942511346445,0.3283582089552239,0.9662921348314607,0.4074074074074074,0.047429592341877685,0.5,22,45,32,1290,RandomOverSampler,5,Test
0.9997964621096309,0.9999900459635968,0.9919528450069135,0.9667390944593544,0.9983157894736843,0.9966315789473684,1.0,1.0,0.9377431906614786,0.0036275124318593094,0.5,241,0,16,4734,RandomOverSampler,6,Train
0.9861111111111112,0.9992535491957945,0.8860686829701407,0.7748925990751369,0.9007786195286195,0.9867424242424242,0.8148148148148148,0.9904942965779467,0.7586206896551724,0.017373684479758313,0.5,22,5,7,521,RandomOverSampler,6,Validation
0.8408562332061327,0.9892575476700005,0.34437112807323894,0.2954985853703635,0.6356379976065211,0.972768532526475,0.29850746268656714,0.9647411852963241,0.35714285714285715,0.048178575527457204,0.5,20,47,36,1286,RandomOverSampler,6,Test
0.9999747716398435,0.9999987160693797,0.999507149011432,0.9609860836003626,0.998,0.996,1.0,1.0,0.9272030651340997,0.003928667861286344,0.5,242,0,19,4731,RandomOverSampler,7,Train
0.9978146853146852,0.999896759848163,0.8842854614053243,0.8678245384811482,0.9924242424242424,0.9848484848484849,1.0,1.0,0.7647058823529411,0.010606989009249588,0.5,26,0,8,520,RandomOverSampler,7,Validation
0.8450899812586086,0.9899408881604119,0.3478761401454875,0.30930382374792476,0.6490505114367647,0.9697428139183056,0.3283582089552239,0.9660889223813113,0.3548387096774194,0.04834376326250911,0.5,22,45,40,1282,RandomOverSampler,7,Test
0.999892996955198,0.9999946731726082,0.9971951637019885,0.9648932057994014,0.9982105263157894,0.996421052631579,1.0,1.0,0.9343629343629344,0.003411509081139681,0.5,242,0,17,4733,RandomOverSampler,8,Train
0.9487907925407925,0.9969353124076875,0.7449725070603405,0.7074105180965317,0.8404720279720279,0.9886363636363636,0.6923076923076923,0.9849056603773585,0.75,0.022692980957068783,0.5,18,8,6,522,RandomOverSampler,8,Validation
0.8453722311287737,0.9898403576165637,0.352484461674033,0.3197549381713635,0.6442353286517488,0.9750378214826021,0.31343283582089554,0.9655430711610486,0.3888888888888889,0.047412343312485325,0.5,21,46,33,1289,RandomOverSampler,8,Test
0.9997886446269009,0.9999896880721428,0.9907603183408469,0.9667394383227184,0.9983161439696906,0.9966322879393812,1.0,1.0,0.9377431906614786,0.0037972242140052073,0.5,241,0,16,4735,RandomOverSampler,9,Train
0.9770187644950454,0.998683233537883,0.8664450116408282,0.8218224237930897,0.9036123409937451,0.9924098671726755,0.8148148148148148,0.990530303030303,0.8461538461538461,0.014672918444041335,0.5,22,5,4,523,RandomOverSampler,9,Validation
0.8316323074491386,0.988502870419825,0.33025414743510745,0.30040486121970944,0.6241165579063834,0.9795763993948563,0.26865671641791045,0.9635416666666666,0.4,0.04672371590730782,0.5,18,49,27,1295,RandomOverSampler,9,Test
0.9997956315813835,0.9999900167587266,0.9916570338288085,0.9667394383227184,0.9983161439696906,0.9966322879393812,1.0,1.0,0.9377431906614786,0.0038253284027949777,0.5,241,0,16,4735,RandomOverSampler,10,Train
0.979337971747839,0.9988465376710803,0.8555205187988125,0.7337813824844085,0.9145407266849392,0.9772296015180265,0.8518518518518519,0.9922928709055877,0.6571428571428571,0.020145735604780897,0.5,23,4,12,515,RandomOverSampler,10,Validation
0.8451238512430285,0.989650707916578,0.3587585836542049,0.30930382374792476,0.6490505114367647,0.9697428139183056,0.3283582089552239,0.9660889223813113,0.3548387096774194,0.0478049424587952,0.5,22,45,40,1282,RandomOverSampler,10,Test
0.9890369076217516,0.9994421851252672,0.8252912833516116,0.5087556636658286,0.9392631578947368,0.8785263157894737,1.0,1.0,0.2946210268948655,0.08369852798840423,0.5,241,0,577,4173,RandomUnderSampler,1,Train
0.9417789001122334,0.9962749783921081,0.6349870052259963,0.45916620870529434,0.8985690235690236,0.8712121212121212,0.9259259259259259,0.9956709956709957,0.26881720430107525,0.09267659614241022,0.5,25,2,68,460,RandomUnderSampler,1,Validation
0.8170230541693951,0.9877041808065694,0.2623034489819189,0.23212942500280698,0.690569467338045,0.8736762481089259,0.5074626865671642,0.9722222222222222,0.1691542288557214,0.1054407523490589,0.5,34,33,167,1155,RandomUnderSampler,1,Test
0.9893164446385674,0.9994622580032931,0.7852020279813172,0.5441968874802452,0.9485263157894737,0.8970526315789473,1.0,1.0,0.33013698630136984,0.07474801988261154,0.5,241,0,489,4261,RandomUnderSampler,2,Train
0.962682379349046,0.9965911334715409,0.8144938477632144,0.5014429019382717,0.92371632996633,0.884469696969697,0.9629629629629629,0.9978632478632479,0.2988505747126437,0.08771152090012244,0.5,26,1,61,467,RandomUnderSampler,2,Validation
0.8375934247070247,0.9898188231839484,0.290346913115251,0.2526233149026979,0.7025707318174633,0.8827534039334342,0.5223880597014925,0.9733110925771477,0.18421052631578946,0.09810690044481009,0.5,35,32,155,1167,RandomUnderSampler,2,Test
0.9887276697968989,0.9994295661716446,0.8001323119646379,0.5209948658040574,0.9426315789473685,0.8852631578947369,1.0,1.0,0.30661577608142493,0.08134767245320612,0.5,241,0,545,4205,RandomUnderSampler,3,Train
0.9437429854096521,0.9965235545185472,0.7493156819414934,0.4201417887330565,0.8615319865319866,0.8712121212121212,0.8518518518518519,0.9913793103448276,0.25274725274725274,0.08965090524156685,0.5,23,4,68,460,RandomUnderSampler,3,Validation
0.8466705805315329,0.9889721576028874,0.3325568382783964,0.2959138112622575,0.7398841646532842,0.8827534039334342,0.5970149253731343,0.9773869346733668,0.20512820512820512,0.0959975745757649,0.5,40,27,155,1167,RandomUnderSampler,3,Test
0.9877388075999126,0.9993836473127973,0.7549039839043791,0.5347915104846469,0.9462105263157894,0.8924210526315789,1.0,1.0,0.3204787234042553,0.08139904684930915,0.5,241,0,511,4239,RandomUnderSampler,4,Train
0.9373597081930415,0.9964789317240517,0.6058576736069425,0.4146222071040561,0.8349116161616161,0.8920454545454546,0.7777777777777778,0.9874213836477987,0.2692307692307692,0.08331526634298698,0.5,21,6,57,471,RandomUnderSampler,4,Validation
0.8344435161559826,0.9886991174507087,0.3313485338541975,0.269812448458261,0.72599182604376,0.869894099848714,0.582089552238806,0.9762308998302207,0.1848341232227488,0.10474253048551023,0.5,39,28,172,1150,RandomUnderSampler,4,Test
0.9863227778991047,0.9993063721367261,0.7697796379653637,0.49298138998660235,0.9346315789473685,0.8692631578947368,1.0,1.0,0.27958236658932717,0.09126037324378647,0.5,241,0,621,4129,RandomUnderSampler,5,Train
0.9662598204264871,0.9981710019578496,0.6789300705615714,0.40651967367012076,0.8686868686868687,0.8484848484848485,0.8888888888888888,0.9933481152993349,0.23076923076923078,0.1013868287399656,0.5,24,3,80,448,RandomUnderSampler,5,Validation
0.8349628559170862,0.9896830408795461,0.27568515272213356,0.22595182335805272,0.6993417933027751,0.846444780635401,0.5522388059701493,0.9738903394255874,0.15416666666666667,0.10904133483120093,0.5,37,30,203,1119,RandomUnderSampler,5,Test
0.9860091723083643,0.9992930915604397,0.7441515292809325,0.471314867338416,0.9276842105263158,0.8553684210526316,1.0,1.0,0.25969827586206895,0.09952855345426341,0.5,241,0,687,4063,RandomUnderSampler,6,Train
0.9639450056116723,0.9980376479068578,0.7110180226422516,0.43877612674288624,0.8919402356902357,0.8579545454545454,0.9259259259259259,0.9956043956043956,0.25,0.10024671242542879,0.5,25,2,75,453,RandomUnderSampler,6,Validation
0.823018041411701,0.987792704986518,0.25194318018235023,0.2484431998009811,0.7209734233522253,0.8449319213313162,0.5970149253731343,0.9763986013986014,0.16326530612244897,0.12296446722706217,0.5,40,27,205,1117,RandomUnderSampler,6,Test
0.9900748151370161,0.9994948499541463,0.8228839428654664,0.5245148133977574,0.9433684210526316,0.8867368421052632,1.0,1.0,0.31025641025641026,0.07946644566960066,0.5,242,0,538,4212,RandomUnderSampler,7,Train
0.9833187645687644,0.9991777542518165,0.6675919206074058,0.47867318166187306,0.9318181818181819,0.8636363636363636,1.0,1.0,0.2653061224489796,0.09294919806061645,0.5,26,0,72,456,RandomUnderSampler,7,Validation
0.8493350193058911,0.9898867293523781,0.3501611976269791,0.3051719584991835,0.7565990019644591,0.8714069591527988,0.6417910447761194,0.9795918367346939,0.20187793427230047,0.1001767947945639,0.5,43,24,170,1152,RandomUnderSampler,7,Test
0.9908151370160939,0.999532070877047,0.8435350506888231,0.5552249586278687,0.9509473684210527,0.9018947368421053,1.0,1.0,0.3418079096045198,0.07109579113832083,0.5,242,0,466,4284,RandomUnderSampler,8,Train
0.9206730769230769,0.9955153801495389,0.4524853819445643,0.4332410796194926,0.8382138694638694,0.9071969696969697,0.7692307692307693,0.9876288659793815,0.2898550724637681,0.07784721800920154,0.5,20,6,49,479,RandomUnderSampler,8,Validation
0.8426852123648022,0.9897639873479929,0.2860381280738799,0.29578074514451824,0.744321132612279,0.8767019667170953,0.6119402985074627,0.9780590717299578,0.20098039215686275,0.09948192514994575,0.5,41,26,163,1159,RandomUnderSampler,8,Test
0.9878846209271515,0.9993880128761421,0.7823620029438054,0.5306506543465163,0.9451694380130499,0.8903388760260997,1.0,1.0,0.31627296587926507,0.08140817792229955,0.5,241,0,521,4230,RandomUnderSampler,9,Train
0.9666877503689648,0.9982228719576969,0.6156405499810919,0.4906648847465781,0.8941598144634197,0.8994307400379506,0.8888888888888888,0.9937106918238994,0.3116883116883117,0.08344608300565708,0.5,24,3,53,474,RandomUnderSampler,9,Validation
0.838722424187685,0.9892023434984166,0.2967771635441213,0.269316745528934,0.7215548580847653,0.875945537065053,0.5671641791044776,0.9755686604886268,0.18811881188118812,0.10266115634343696,0.5,38,29,164,1158,RandomUnderSampler,9,Test
0.9887221820957544,0.9994294971294425,0.8013252687996344,0.5106306965488487,0.9398021469164386,0.8796042938328773,1.0,1.0,0.2964329643296433,0.08554766774792677,0.5,241,0,572,4179,RandomUnderSampler,10,Train
0.9739967671656476,0.9986005199996584,0.6662956565502735,0.4752911037365084,0.9160165858458078,0.8690702087286527,0.9629629629629629,0.9978213507625272,0.2736842105263158,0.09299143334098121,0.5,26,1,69,458,RandomUnderSampler,10,Validation
0.8409917131438119,0.9899793832519179,0.2823844963154803,0.25205285225244384,0.714746991216384,0.8623298033282905,0.5671641791044776,0.9751924721984602,0.17272727272727273,0.10704880223319756,0.5,38,29,182,1140,RandomUnderSampler,10,Test
0.9993081458833806,0.9999649824869546,0.9870602163740629,0.9259261881694234,0.9413823979034723,0.9989473684210526,0.8838174273858921,0.9941336685522733,0.9770642201834863,0.005604484404489688,0.5,213,28,5,4745,SMOTE,1,Train
0.970959595959596,0.9983010791268584,0.8351647165927641,0.8325867302268978,0.8518518518518519,1.0,0.7037037037037037,0.9850746268656716,1.0,0.015620731765675643,0.5,19,8,0,528,SMOTE,1,Validation
0.8466254205523066,0.9902038814330302,0.3446434086181194,0.331147197619384,0.6006954636800867,0.9924357034795764,0.208955223880597,0.9611721611721612,0.5833333333333334,0.040594312776195254,0.5,14,53,10,1312,SMOTE,1,Test
0.9993291111596418,0.9999659773678379,0.9877865489397969,0.9234849195513771,0.9353688578292203,0.9993684210526316,0.8713692946058091,0.9935119296776894,0.9859154929577465,0.005621706859575262,0.5,210,31,3,4747,SMOTE,2,Train
0.9774831649831649,0.9984141806428855,0.9064281987361329,0.8577905161225913,0.905513468013468,0.9962121212121212,0.8148148148148148,0.9905838041431262,0.9166666666666666,0.011062895334338924,0.5,22,5,2,526,SMOTE,2,Validation
0.8384853342967462,0.9895143161276727,0.33289087357966163,0.30536160184108346,0.5928545622869014,0.9916792738275341,0.19402985074626866,0.9604395604395605,0.5416666666666666,0.04181729912726583,0.5,13,54,11,1311,SMOTE,2,Test
0.9995745796025334,0.9999784757257286,0.9919311679180954,0.9328124340492938,0.9456370386547281,0.9991578947368421,0.8921161825726142,0.9945515507124896,0.9817351598173516,0.004718035309786698,0.5,215,26,4,4746,SMOTE,3,Train
0.9618406285072951,0.9977551483753829,0.8122298773127173,0.7651402989944293,0.8314393939393939,0.9962121212121212,0.6666666666666666,0.983177570093458,0.9,0.017943866854104876,0.5,18,9,2,526,SMOTE,3,Validation
0.8277711292252805,0.988761996960964,0.3290396363073309,0.3739042259919285,0.6159990516404362,0.9931921331316188,0.23880597014925373,0.9626099706744868,0.64,0.040805807732218057,0.5,16,51,9,1313,SMOTE,3,Test
0.9993972483074908,0.9999695473631436,0.9882316423623861,0.9351208569236205,0.9477117274514086,0.9991578947368421,0.8962655601659751,0.9947600083839866,0.9818181818181818,0.0054793650602861736,0.5,216,25,4,4746,SMOTE,4,Train
0.9497053872053873,0.9969428948263112,0.7838845294347978,0.6853799545726015,0.7583122895622896,0.9981060606060606,0.5185185185185185,0.975925925925926,0.9333333333333333,0.019413346086536054,0.5,14,13,1,527,SMOTE,4,Validation
0.8321403572154357,0.9888275429876356,0.32306090653375563,0.3213026992950474,0.5936109919389437,0.9931921331316188,0.19402985074626866,0.9604974396488661,0.5909090909090909,0.041701222093598,0.5,13,54,9,1313,SMOTE,4,Test
0.9991526534177768,0.9999570149160435,0.9848438768387772,0.9188159329548038,0.9312194802358593,0.9993684210526316,0.8630705394190872,0.9930962343096235,0.985781990521327,0.00623225252995086,0.5,208,33,3,4747,SMOTE,5,Train
0.9840768799102133,0.9990939005878621,0.9261706960557534,0.833053637309585,0.8694234006734006,0.9981060606060606,0.7407407407407407,0.9868913857677902,0.9523809523809523,0.010052160522072185,0.5,20,7,1,527,SMOTE,5,Validation
0.83900467405785,0.9895999425271357,0.3300721561222621,0.34821516684137926,0.6014518933321291,0.9939485627836612,0.208955223880597,0.9612289685442575,0.6363636363636364,0.04043305850935792,0.5,14,53,8,1314,SMOTE,5,Test
0.999111596418432,0.9999544446080268,0.9866499593131823,0.9304992627036139,0.9435623498580477,0.9991578947368421,0.8879668049792531,0.994343180389692,0.981651376146789,0.005613757441851237,0.5,214,27,4,4746,SMOTE,6,Train
0.9783950617283951,0.9988293368752683,0.8368337023098559,0.7696494050021636,0.8490109427609427,0.9943181818181818,0.7037037037037037,0.9849906191369606,0.8636363636363636,0.016159278855770405,0.5,19,8,3,525,SMOTE,6,Validation
0.8349967259015062,0.989245761911037,0.32365246216664495,0.30253607441306957,0.5861483053717795,0.9931921331316188,0.1791044776119403,0.9597953216374269,0.5714285714285714,0.04147764498815435,0.5,12,55,9,1313,SMOTE,6,Test
0.9993162244454111,0.9999649810594161,0.9890071828189946,0.9307350083825019,0.9418329708568943,0.9993684210526316,0.8842975206611571,0.9941361256544503,0.9861751152073732,0.005537318525873933,0.5,214,28,3,4747,SMOTE,7,Train
0.9964306526806527,0.9998274605997806,0.8950020598311987,0.8950939509253534,0.9221299533799534,0.9981060606060606,0.8461538461538461,0.992467043314501,0.9565217391304348,0.00974437496889207,0.5,22,4,1,527,SMOTE,7,Validation
0.8351999458080249,0.9894107941474358,0.3231373987759939,0.33336801386275683,0.6074017205952086,0.9909228441754917,0.22388059701492538,0.9618208516886931,0.5555555555555556,0.041671742131906116,0.5,15,52,12,1310,SMOTE,7,Test
0.999573727707699,0.9999782999329465,0.9922285000126678,0.9376780811376471,0.9499921705089169,0.9991578947368421,0.9008264462809917,0.9949685534591195,0.9819819819819819,0.004973137948444026,0.5,218,24,4,4746,SMOTE,8,Train
0.9374271561771561,0.9959648902309223,0.7389287735631792,0.6712194976885585,0.7490530303030303,0.9981060606060606,0.5,0.975925925925926,0.9285714285714286,0.02191792215631194,0.5,13,13,1,527,SMOTE,8,Validation
0.8337322464831667,0.989021586803007,0.3228540957308256,0.31599751699734946,0.5999390340280444,0.9909228441754917,0.208955223880597,0.9611151870873074,0.5384615384615384,0.041762411778065826,0.5,14,53,12,1310,SMOTE,8,Test
0.9992646230407051,0.9999627734902328,0.9862954794708555,0.9282500164926922,0.9434571974801549,0.9989475899810566,0.8879668049792531,0.994343180389692,0.9771689497716894,0.005630484363597672,0.5,214,27,5,4746,SMOTE,9,Train
0.980884109916368,0.9989390126877551,0.8805696775635417,0.7933992667383019,0.8675240705601237,0.9943074003795066,0.7407407407407407,0.9868173258003766,0.8695652173913043,0.013777053249026621,0.5,20,7,3,524,SMOTE,9,Validation
0.8294420484566577,0.9885757631951921,0.3214234393900765,0.3263279099165307,0.6070235057691874,0.9901664145234493,0.22388059701492538,0.9617927994121969,0.5357142857142857,0.04188818609331698,0.5,15,52,13,1309,SMOTE,9,Test
0.9994384235334601,0.9999716196165849,0.9891876288876048,0.9327650594897566,0.9436676794839436,0.999368553988634,0.8879668049792531,0.9943455497382199,0.9861751152073732,0.005364762344995475,0.5,214,27,3,4748,SMOTE,10,Train
0.9808138309087077,0.9989618332649193,0.8374755046716481,0.7150468848298548,0.7943987630894651,0.9962049335863378,0.5925925925925926,0.9794776119402985,0.8888888888888888,0.017770095604502927,0.5,16,11,2,525,SMOTE,10,Validation
0.8413642829724297,0.9895895880829715,0.3409284904257659,0.331147197619384,0.6006954636800867,0.9924357034795764,0.208955223880597,0.9611721611721612,0.5833333333333334,0.04083374172055977,0.5,14,53,10,1312,SMOTE,10,Test
0.9995046953483294,0.9999750907771685,0.9894173519818911,0.9374245669162906,0.9497864162480891,0.9991578947368421,0.9004149377593361,0.9949685534591195,0.9819004524886877,0.005406239171303453,0.5,217,24,4,4746,ADASYN,1,Train
0.9660493827160493,0.9979765775006744,0.8213159763951504,0.7651402989944293,0.8314393939393939,0.9962121212121212,0.6666666666666666,0.983177570093458,0.9,0.01738381750367017,0.5,18,9,2,526,ADASYN,1,Validation
0.8507236886671032,0.9901393346005193,0.3375376128872707,0.30536160184108346,0.5928545622869014,0.9916792738275341,0.19402985074626866,0.9604395604395605,0.5416666666666666,0.04097217759246794,0.5,13,54,11,1311,ADASYN,1,Test
0.9995448787944967,0.9999770442505248,0.9908085130628613,0.9328124340492938,0.9456370386547281,0.9991578947368421,0.8921161825726142,0.9945515507124896,0.9817351598173516,0.005330450949514933,0.5,215,26,4,4746,ADASYN,2,Train
0.9769219977553311,0.9983734045623762,0.8939463875639523,0.8614736029971382,0.9230850168350169,0.9943181818181818,0.8518518518518519,0.9924385633270322,0.8846153846153846,0.01098487148946936,0.5,23,4,3,525,ADASYN,2,Validation
0.841646532842595,0.9896679990527241,0.324200341197092,0.32335646503978593,0.6003172488540656,0.9916792738275341,0.208955223880597,0.9611436950146628,0.56,0.041937395486872864,0.5,14,53,11,1311,ADASYN,2,Test
0.9996444638567373,0.9999821128979602,0.9924551245548529,0.9465929753760317,0.9580851714348111,0.9991578947368421,0.91701244813278,0.9958036088963491,0.9822222222222222,0.004828470099681294,0.5,221,20,4,4746,ADASYN,3,Train
0.9593855218855218,0.9975080448165454,0.8097182745295138,0.7267235262185036,0.8295454545454546,0.9924242424242424,0.6666666666666666,0.9831144465290806,0.8181818181818182,0.017970738497026892,0.5,18,9,4,524,ADASYN,3,Validation
0.833438706618195,0.9890910369106009,0.32708327005531945,0.382718389175985,0.6163772664664574,0.9939485627836612,0.23880597014925373,0.9626373626373627,0.6666666666666666,0.040764075418858715,0.5,16,51,8,1314,ADASYN,3,Test
0.9995806944747762,0.999978888400155,0.9911050574951107,0.9511497975584192,0.9622345490281721,0.9991578947368421,0.9253112033195021,0.9962216624685138,0.9823788546255506,0.004741034701210596,0.5,223,18,4,4746,ADASYN,4,Train
0.9480920314253648,0.9968489218591274,0.7738240495065224,0.6853799545726015,0.7583122895622896,0.9981060606060606,0.5185185185185185,0.975925925925926,0.9333333333333333,0.020028792160128706,0.5,14,13,1,527,ADASYN,4,Validation
0.8342967462234968,0.9890079108354517,0.3167583406142599,0.29808258456371467,0.5924763474608802,0.9909228441754917,0.19402985074626866,0.9604105571847508,0.52,0.04209045380920691,0.5,13,54,12,1310,ADASYN,4,Test
0.9995606027516925,0.9999779541629815,0.9901945993056895,0.937375533864777,0.9478169906093034,0.9993684210526316,0.8962655601659751,0.9947611064543168,0.9863013698630136,0.005125547908044559,0.5,216,25,3,4747,ADASYN,5,Train
0.9849186307519641,0.9991506150399281,0.927037636986001,0.8989662414683826,0.9249789562289562,0.9981060606060606,0.8518518518518519,0.992467043314501,0.9583333333333334,0.010053367019963184,0.5,23,4,1,527,ADASYN,5,Validation
0.8433964820376183,0.9897785024483692,0.33335186096041,0.34078968549652017,0.6077799354212298,0.9916792738275341,0.22388059701492538,0.9618488628026413,0.5769230769230769,0.040473749207657735,0.5,15,52,11,1311,ADASYN,5,Test
0.999084516269928,0.9999535566471429,0.9838029133091873,0.9258120486290718,0.9374435466259008,0.9993684210526316,0.8755186721991701,0.9937199078919824,0.985981308411215,0.006483678285513043,0.5,211,30,3,4747,ADASYN,6,Train
0.980148709315376,0.998930809745216,0.8481217540678117,0.7934165638943773,0.8675294612794613,0.9943181818181818,0.7407407407407407,0.9868421052631579,0.8695652173913043,0.01565194443734204,0.5,20,7,3,525,ADASYN,6,Validation
0.8360128254341003,0.988807649622838,0.3095197341513415,0.30253607441306957,0.5861483053717795,0.9931921331316188,0.1791044776119403,0.9597953216374269,0.5714285714285714,0.04211436019668799,0.5,12,55,9,1313,ADASYN,6,Test
0.9995302305350152,0.9999760354401747,0.9918457088660356,0.9422027251129317,0.952163549369291,0.9993684210526316,0.9049586776859504,0.9951781970649896,0.9864864864864865,0.005049444645069369,0.5,219,23,3,4747,ADASYN,7,Train
0.996722027972028,0.9998425046175443,0.8696066966439557,0.8950939509253534,0.9221299533799534,0.9981060606060606,0.8461538461538461,0.992467043314501,0.9565217391304348,0.009459287455865684,0.5,22,4,1,527,ADASYN,7,Validation
0.8411949330503309,0.9896791658820907,0.33442443014967166,0.3655818539956909,0.615620836814415,0.9924357034795764,0.23880597014925373,0.962582538517975,0.6153846153846154,0.04079097282375526,0.5,16,51,10,1312,ADASYN,7,Test
0.9997442366246193,0.9999869761370959,0.995297418077709,0.9490793857677038,0.9603227490213136,0.9991578947368421,0.9214876033057852,0.9960125918153201,0.9823788546255506,0.004578352738139197,0.5,223,19,4,4746,ADASYN,8,Train
0.9374271561771562,0.9959469126901672,0.7383253029245048,0.585796592749832,0.7096445221445221,0.9962121212121212,0.4230769230769231,0.9722735674676525,0.8461538461538461,0.02197592841705196,0.5,11,15,2,526,ADASYN,8,Validation
0.8381805044369679,0.989276071912323,0.32433819643011097,0.33336801386275683,0.6074017205952086,0.9909228441754917,0.22388059701492538,0.9618208516886931,0.5555555555555556,0.04163091415368479,0.5,15,52,12,1310,ADASYN,8,Test
0.999245408915878,0.9999618724670818,0.9851337721877254,0.9282500164926922,0.9434571974801549,0.9989475899810566,0.8879668049792531,0.994343180389692,0.9771689497716894,0.00570995889646369,0.5,214,27,5,4746,ADASYN,9,Train
0.9810949469393493,0.9989596430719597,0.8793540298732828,0.8330407048511433,0.8694216037669548,0.9981024667931688,0.7407407407407407,0.9868667917448405,0.9523809523809523,0.014207830725271499,0.5,20,7,1,526,ADASYN,9,Validation
0.8339354663896854,0.9887538256868457,0.32532754565948574,0.2728087040876434,0.5846354460676948,0.9901664145234493,0.1791044776119403,0.9596774193548387,0.48,0.04161422493207296,0.5,12,55,13,1309,ADASYN,9,Test
0.9993467197558757,0.9999668826676613,0.988140652827483,0.9258127400050998,0.9374436130939021,0.999368553988634,0.8755186721991701,0.9937212222687317,0.985981308411215,0.0058613644357101485,0.5,211,30,3,4748,ADASYN,10,Train
0.9804624358704055,0.9989428946216716,0.8309142225048427,0.6853607370516093,0.7583104926558437,0.9981024667931688,0.5185185185185185,0.9758812615955473,0.9333333333333333,0.01833458804710125,0.5,14,13,1,526,ADASYN,10,Validation
0.8395465938085668,0.9889378514291278,0.33582570013301444,0.35693279339768447,0.6085363650732721,0.9931921331316188,0.22388059701492538,0.9619047619047619,0.625,0.040671434738438594,0.5,15,52,9,1313,ADASYN,10,Test
0.9984171216422799,0.9999193274893732,0.9747101054610277,0.90012874506206,0.9205302467787726,0.9987368421052631,0.8423236514522822,0.9920535340861564,0.9712918660287081,0.007027650329384645,0.5,203,38,6,4744,SMOTE_Tomek,1,Train
0.9685044893378227,0.9981667145547053,0.8286817748024641,0.7651402989944293,0.8314393939393939,0.9962121212121212,0.6666666666666666,0.983177570093458,0.9,0.016250470768699836,0.5,18,9,2,526,SMOTE_Tomek,1,Validation
0.8457786709418114,0.9902274128077243,0.3291012951647144,0.2943902317487156,0.5857700905457583,0.9924357034795764,0.1791044776119403,0.9597659107534747,0.5454545454545454,0.04125062812335625,0.5,12,55,10,1312,SMOTE_Tomek,1,Test
0.9982616291766762,0.9999103176014672,0.9759147227043247,0.9024214231836601,0.9206355099366674,0.9989473684210526,0.8423236514522822,0.9920551954840059,0.9759615384615384,0.007035848585952182,0.5,203,38,5,4745,SMOTE_Tomek,2,Train
0.9737654320987654,0.9980193551417804,0.895452986432644,0.8354383401097967,0.8869949494949495,0.9962121212121212,0.7777777777777778,0.9887218045112782,0.9130434782608695,0.012360736580641941,0.5,21,6,2,526,SMOTE_Tomek,2,Validation
0.8432045521259061,0.9900170878635111,0.327958127554011,0.3213026992950474,0.5936109919389437,0.9931921331316188,0.19402985074626866,0.9604974396488661,0.5909090909090909,0.04210796148668926,0.5,13,54,9,1313,SMOTE_Tomek,2,Test
0.9984188687486351,0.9999179231962099,0.9793173172786582,0.914236886674453,0.9310089539200699,0.9989473684210526,0.8630705394190872,0.9930933444956048,0.9765258215962441,0.006246056810794472,0.5,208,33,5,4745,SMOTE_Tomek,3,Train
0.9616301907968574,0.9977252956702818,0.8098390884777994,0.762346251754789,0.8138678451178452,0.9981060606060606,0.6296296296296297,0.9813780260707635,0.9444444444444444,0.017950395197487964,0.5,17,10,1,527,SMOTE_Tomek,3,Validation
0.8309210377763226,0.9890674627022498,0.32391614301540894,0.3394157012390852,0.6010736785061079,0.9931921331316188,0.208955223880597,0.9612005856515373,0.6086956521739131,0.04128828491406955,0.5,14,53,9,1313,SMOTE_Tomek,3,Test
0.9989045643153527,0.9999437257726281,0.9834598934837241,0.9235981874948946,0.9393077091067918,0.9989473684210526,0.8796680497925311,0.9939254294093004,0.9769585253456221,0.005903666078995763,0.5,212,29,5,4745,SMOTE_Tomek,4,Train
0.949915824915825,0.9969669122725726,0.7749298146172053,0.6853799545726015,0.7583122895622896,0.9981060606060606,0.5185185185185185,0.975925925925926,0.9333333333333333,0.01950436841324909,0.5,14,13,1,527,SMOTE_Tomek,4,Validation
0.8327838869194121,0.9890199647463211,0.32308600228648215,0.30253607441306957,0.5861483053717795,0.9931921331316188,0.1791044776119403,0.9597953216374269,0.5714285714285714,0.04186230934221456,0.5,12,55,9,1313,SMOTE_Tomek,4,Test
0.9979777243939725,0.9998956000168464,0.9719522158619212,0.9047948479932949,0.9227101987333479,0.9989473684210526,0.8464730290456431,0.9922626516102049,0.9760765550239234,0.007293457009818865,0.5,204,37,5,4745,SMOTE_Tomek,5,Train
0.9844977553310886,0.999121500136162,0.9260790408962921,0.877460116325216,0.9064604377104377,0.9981060606060606,0.8148148148148148,0.9906015037593985,0.9565217391304348,0.010696625271941894,0.5,22,5,1,527,SMOTE_Tomek,5,Validation
0.8411723530607176,0.989841238896732,0.3269851596920569,0.3213026992950474,0.5936109919389437,0.9931921331316188,0.19402985074626866,0.9604974396488661,0.5909090909090909,0.040816029259540816,0.5,13,54,9,1313,SMOTE_Tomek,5,Test
0.9976780956540731,0.9998786989722569,0.9733644090063895,0.9070982402826634,0.9228154618912426,0.9991578947368421,0.8464730290456431,0.9922642692870584,0.9807692307692307,0.006948819568135474,0.5,204,37,4,4746,SMOTE_Tomek,6,Train
0.976290684624018,0.9986959767132071,0.8331069408420488,0.751394787678958,0.8480639730639731,0.9924242424242424,0.7037037037037037,0.9849624060150376,0.8260869565217391,0.016661196691593532,0.5,19,8,4,524,SMOTE_Tomek,6,Validation
0.8392417639487886,0.9897867771666203,0.31526719063345243,0.30253607441306957,0.5861483053717795,0.9931921331316188,0.1791044776119403,0.9597953216374269,0.5714285714285714,0.04209579535764874,0.5,12,55,9,1313,SMOTE_Tomek,6,Test
0.9975250108742932,0.9998679038528283,0.9756568004565598,0.9121811607240662,0.9272648977816442,0.9991578947368421,0.8553719008264463,0.9926793557833089,0.981042654028436,0.006424379695506019,0.5,207,35,4,4746,SMOTE_Tomek,7,Train
0.9959935897435896,0.9998054478060827,0.8908364391271166,0.875106464620057,0.9211829836829837,0.9962121212121212,0.8461538461538461,0.9924528301886792,0.9166666666666666,0.009840313179199428,0.5,22,4,2,526,SMOTE_Tomek,7,Validation
0.8328742068778648,0.9893211219217749,0.31239293233091775,0.33336801386275683,0.6074017205952086,0.9909228441754917,0.22388059701492538,0.9618208516886931,0.5555555555555556,0.04231588552534066,0.5,15,52,12,1310,SMOTE_Tomek,7,Test
0.9991883427577208,0.9999584599462258,0.9869704008875777,0.9376780811376471,0.9499921705089169,0.9991578947368421,0.9008264462809917,0.9949685534591195,0.9819819819819819,0.005350115278493485,0.5,218,24,4,4746,SMOTE_Tomek,8,Train
0.9392482517482518,0.9960635574989134,0.7575466699982422,0.6991785032700841,0.7682837995337994,0.9981060606060606,0.5384615384615384,0.9777365491651205,0.9333333333333333,0.021570641234716664,0.5,14,12,1,527,SMOTE_Tomek,8,Validation
0.8337322464831666,0.9892134679167529,0.3270745364615752,0.30536160184108346,0.5928545622869014,0.9916792738275341,0.19402985074626866,0.9604395604395605,0.5416666666666666,0.0413138257241423,0.5,13,54,11,1311,SMOTE_Tomek,8,Test
0.9984427825196879,0.9999190976447017,0.9781137353920429,0.9165854626169895,0.9330837534967524,0.9989475899810566,0.8672199170124482,0.9933026370866471,0.9766355140186916,0.006438649470504569,0.5,209,32,5,4746,SMOTE_Tomek,9,Train
0.9812355049546699,0.998957532297222,0.8868814740462523,0.8125601266460533,0.8684728371635393,0.9962049335863378,0.7407407407407407,0.9868421052631579,0.9090909090909091,0.013690566583914456,0.5,20,7,2,525,SMOTE_Tomek,9,Validation
0.8257728001445119,0.9883538002946117,0.31749800810336165,0.29808258456371467,0.5924763474608802,0.9909228441754917,0.19402985074626866,0.9604105571847508,0.52,0.04215221031526283,0.5,13,54,12,1310,SMOTE_Tomek,9,Test
0.9984960580476179,0.9999210175028188,0.9814571852723077,0.9281349903299975,0.9395183018905826,0.999368553988634,0.8796680497925311,0.993929244295583,0.986046511627907,0.006155227901547311,0.5,212,29,3,4748,SMOTE_Tomek,10,Train
0.9791271347248578,0.9988845754564336,0.8068491628021552,0.6853607370516093,0.7583104926558437,0.9981024667931688,0.5185185185185185,0.9758812615955473,0.9333333333333333,0.01929243898429586,0.5,14,13,1,526,SMOTE_Tomek,10,Validation
0.8440061417571748,0.989875695426569,0.32999883069099617,0.32335646503978593,0.6003172488540656,0.9916792738275341,0.208955223880597,0.9611436950146628,0.56,0.04107674816534562,0.5,14,53,11,1311,SMOTE_Tomek,10,Test
