source_file,model,n_folds,CV_Train_ROC_AUC_mean,CV_Train_ROC_AUC_std,CV_Train_PR_AUC_active_mean,CV_Train_PR_AUC_active_std,CV_Train_PR_AUC_inactive_mean,CV_Train_PR_AUC_inactive_std,CV_Train_MCC_mean,CV_Train_MCC_std,CV_Train_BalancedAcc_mean,CV_Train_BalancedAcc_std,CV_Train_Recall_active_mean,CV_Train_Recall_active_std,CV_Train_Recall_inactive_mean,CV_Train_Recall_inactive_std,CV_Train_Precision_active_mean,CV_Train_Precision_active_std,CV_Train_Precision_inactive_mean,CV_Train_Precision_inactive_std,CV_Train_Brier_mean,CV_Train_Brier_std,CV_Validation_ROC_AUC_mean,CV_Validation_ROC_AUC_std,CV_Validation_PR_AUC_active_mean,CV_Validation_PR_AUC_active_std,CV_Validation_PR_AUC_inactive_mean,CV_Validation_PR_AUC_inactive_std,CV_Validation_MCC_mean,CV_Validation_MCC_std,CV_Validation_BalancedAcc_mean,CV_Validation_BalancedAcc_std,CV_Validation_Recall_active_mean,CV_Validation_Recall_active_std,CV_Validation_Recall_inactive_mean,CV_Validation_Recall_inactive_std,CV_Validation_Precision_active_mean,CV_Validation_Precision_active_std,CV_Validation_Precision_inactive_mean,CV_Validation_Precision_inactive_std,CV_Validation_Brier_mean,CV_Validation_Brier_std,Test_ROC_AUC_mean,Test_ROC_AUC_std,Test_PR_AUC_active_mean,Test_PR_AUC_active_std,Test_PR_AUC_inactive_mean,Test_PR_AUC_inactive_std,Test_MCC_mean,Test_MCC_std,Test_BalancedAcc_mean,Test_BalancedAcc_std,Test_Recall_active_mean,Test_Recall_active_std,Test_Recall_inactive_mean,Test_Recall_inactive_std,Test_Precision_active_mean,Test_Precision_active_std,Test_Precision_inactive_mean,Test_Precision_inactive_std,Test_Brier_mean,Test_Brier_std,CV_best_epoch_median
01_traditional_ml_summary.csv,LogisticRegression_balanced,10,0.9998065829418172,6.361341021215842e-05,0.9999905190915196,3.0752943836351863e-06,0.9921600261974362,0.0032611052384504,0.9468499078118292,0.00878989094549,0.9972211833519816,0.0004916324862967,0.9944423667039626,0.0009832649725934,1.0,0.0,1.0,0.0,0.9015909528731806,0.0158697499211016,0.0057106482807946,0.0003905083593303,0.9754137953023152,0.0142873505989276,0.9985368098667652,0.0008797096332139,0.8594296572480469,0.0562828825455081,0.7722233410420881,0.0520739198157277,0.9102750289716608,0.0486269262675423,0.9846526220458858,0.0043294607044236,0.8358974358974359,0.0993045407708384,0.9916366499152532,0.00496014070007,0.7382477655181626,0.0496231466919094,0.018485858042868,0.0032704692830865,0.8442646826382461,0.0056507334442737,0.9897533665178502,0.0004937428442651,0.3466148690017663,0.0091011214943422,0.3069413099094911,0.0135614854303714,0.6458108474270102,0.0088131880849517,0.9707261724659606,0.0023933691326443,0.3208955223880597,0.0189447092185669,0.9657603272987622,0.0008749378300183,0.3576165814699978,0.0153484967519636,0.0481715355721351,0.0008835243462851,
01_traditional_ml_summary.csv,RandomForest_balanced,10,0.9996518426572694,7.148983808288139e-05,0.99998246062891,3.5926370539584192e-06,0.9927403738599094,0.0015154972108482,0.9620599033646158,0.0045136740974165,0.9953296641062774,0.0017067263552639,0.9964633129867396,0.0004841062569161,0.9941960152258152,0.0034972737316843,0.9997043606333508,0.0001780514971067,0.9346016485524172,0.0083778933981814,0.008576894671398,0.0003939112563775,0.9755543743071412,0.0189833951104677,0.9982975006039758,0.0018349675089324,0.8688791159543927,0.0562338694466324,0.7735952217235231,0.0633983128418409,0.8672698328711137,0.054848865630499,0.9922319734345352,0.0030213892900813,0.7423076923076923,0.1110430104369058,0.987028765835133,0.005415659299504,0.8325965929789019,0.0492796421933053,0.0182546758153319,0.0025375272773232,0.8602693792760856,0.0074579358178163,0.9894133608079928,0.000983370647488,0.4250485589558361,0.0136763358442701,0.4051671764782986,0.0309898491159545,0.6308866032921625,0.0136554466978479,0.9931164901664148,0.0009056119513902,0.2686567164179104,0.027249878482844,0.9640223370000726,0.0012941693813165,0.663923076923077,0.0372022893934671,0.0373538061074933,0.0006010313867271,
01_traditional_ml_summary.csv,XGBoost_balanced,10,0.9994422615343422,0.0001460896463764,0.9999718822079352,7.381741346527045e-06,0.9884636991815096,0.0029352339424862,0.846188090190239,0.008653874687597,0.9905898791390176,0.000662254023261,0.9811797582780356,0.0013245080465221,1.0,0.0,1.0,0.0,0.729820457020709,0.0139545099573809,0.0164022431746872,0.0012257019708158,0.9707849407485714,0.0172993126072035,0.9980468404450876,0.0013579984162417,0.8464705915618482,0.0671608147813028,0.7057084901823453,0.0501532603499363,0.9051363034937512,0.0448637169964803,0.9742327209476166,0.0055912494950204,0.836039886039886,0.0922753715706682,0.991547185591094,0.0046861439201466,0.6252771421002234,0.0474906556227132,0.0266958714332568,0.0024566821651601,0.8552690405762414,0.006541436154582,0.9904397751864552,0.0005525464852091,0.3876706415670201,0.0097453141011105,0.3659435212734599,0.0183576834217478,0.6867974800731591,0.0121040837053009,0.967624810892587,0.0024653366740454,0.4059701492537312,0.0251723594839273,0.9698280403230906,0.0012091887237906,0.3888807215150072,0.0169012478878113,0.0478518307510455,0.0015646834967337,
01_traditional_ml_summary.csv,BernoulliNB,10,0.9656179394228304,0.0017593728227612,0.9973299697425408,0.0002110255558247,0.8089223099280198,0.0062617730573468,0.5909443303360177,0.0104982648904105,0.908098760078046,0.0047708078194965,0.9422340072450124,0.0021951531770864,0.87396351291108,0.0083376094197009,0.9932534892223416,0.0004506974440828,0.4346345128690495,0.0106742789155653,0.0522520130065705,0.0020129692843085,0.9341135977224686,0.0323142659759329,0.99488149053473,0.0031004880388959,0.6915085715639471,0.0886252773965735,0.5233877666576701,0.0693013402425971,0.8594998358518282,0.0520678379759791,0.9388002415042264,0.006943623652642,0.7801994301994302,0.1025202370055744,0.9882509409997816,0.0054657690131862,0.3931459080931214,0.0439063367713861,0.0609483342659106,0.0076132489755543,0.8098211664822633,0.0035701531089155,0.987191211833022,0.0002989850389202,0.2803299882765553,0.013597107754646,0.231647439961457,0.0101723299995405,0.66444949985323,0.0057639993549002,0.912481089258699,0.0048376027096276,0.4164179104477612,0.0110129072742182,0.9686043123796366,0.0005799132309336,0.1946081346873974,0.0092650061238698,0.1010797732622529,0.0028156322981956,
01_traditional_ml_summary.csv,MultinomialNB,10,0.9685159750163788,0.001788886618145,0.99748606997258,0.0002245002529653,0.8251968609855602,0.0054550866289923,0.6224152007313943,0.0094204069364897,0.912739325335519,0.004746446939635,0.951096770762942,0.001734097010811,0.8743818799080965,0.0089064287160585,0.993338021452104,0.0004755020684592,0.4759948943163682,0.0098317762141418,0.044621896521468,0.0012068135088839,0.9371577602256363,0.0308388771667116,0.9950322221308304,0.0031307071533992,0.708923212004892,0.0873992533173549,0.5380032485322378,0.0749449917887882,0.8587792210776082,0.0571728927994605,0.945051319648094,0.0056922246980366,0.7725071225071225,0.1134088637968225,0.9879446808117476,0.00594591571278,0.4158750529240393,0.0452200114951369,0.0544748645575699,0.0074704458991059,0.8066018244631608,0.0041278064980216,0.987217427476312,0.0005661561282211,0.2884459573992118,0.0120334714205187,0.2337843616942274,0.0088983479468194,0.6610235509291666,0.0064896168367796,0.9190620272314676,0.0036189359794269,0.4029850746268657,0.0140717767400307,0.9681285783475336,0.0006862475427524,0.2016284575727772,0.0069540651412973,0.0957581335938488,0.0020889906090401,
02B_cost_sensitive_summary.csv,RF_inactive_weight_1,10,0.9993315697687092,8.03519789458617e-05,0.9999662831792796,4.076715619503701e-06,0.9865502369378352,0.0015492305297056,0.8084880592558198,0.0117468192174251,0.8352578048732943,0.0088852856765685,0.9997052808826952,0.0002262888397446,0.6708103288638936,0.0177493612276847,0.9835556568598496,0.0008704276880991,0.9914384893494802,0.0064743404538795,0.0110761591201752,0.000307198853082,0.9691059589758988,0.0206579244667455,0.9979864511024829,0.0015001957082975,0.8398319992701356,0.0784193423277254,0.667354555247085,0.0819992669474639,0.7385097416288119,0.0565441593837984,0.999241705479846,0.0009789547489784,0.4777777777777777,0.1133654156850015,0.97416872984876,0.0054466001677868,0.97140350877193,0.0387031134059307,0.0197342231402123,0.0040802182390894,0.8201565922279676,0.0085964340051709,0.9860394084357348,0.0009824468315145,0.3957436648345339,0.0136747480962362,0.318710067465096,0.0164531792173785,0.569128073701086,0.0052091248741764,0.9979576399394856,0.0003653902356578,0.1402985074626865,0.0104359089370164,0.9581671240356896,0.0004857167265636,0.7773892773892774,0.0345383181939227,0.0367343268300316,0.0003901920452424,
02B_cost_sensitive_summary.csv,RF_inactive_weight_2,10,0.9993942006699724,6.969072875754235e-05,0.9999694655930532,3.510773378503119e-06,0.9876321705640708,0.001426289401305,0.8703427093552806,0.0090037024328179,0.8903741287354091,0.007634047624326,0.9992421362815586,0.0001775325574834,0.7815061211892596,0.0152884977053806,0.9890197806673864,0.0007588440498563,0.981280358468884,0.0042499059962796,0.0092533083202219,0.0002667372919256,0.969669115087363,0.0196165758099022,0.9979853642956712,0.0014321978975305,0.84722688875133,0.0776034724714869,0.7224981095059997,0.092445261254163,0.7810553904244606,0.0638340430925649,0.998862917601058,0.0009786456874386,0.5632478632478632,0.1276538391586581,0.978322987033068,0.0061133902367431,0.96008547008547,0.0372921305041774,0.0183541563074464,0.0040130075494724,0.8319173798180053,0.0068595807403604,0.9874549402857844,0.0004961170283422,0.402099800248146,0.0131132468620171,0.3398027587832133,0.0255508196505903,0.5828154989048705,0.0086585072963242,0.9969742813918304,0.0006176222246049,0.1686567164179104,0.0173059971452,0.9594531755813426,0.0008098909970126,0.7389529914529914,0.0450224187796381,0.0364719834775382,0.0004200089133463,
02B_cost_sensitive_summary.csv,RF_inactive_weight_5,10,0.9995012953341408,6.605748185939927e-05,0.9999748687904406,3.3126539765231068e-06,0.989726474416634,0.0014549771236258,0.9237534716756196,0.0049845334349441,0.9477972436267782,0.0029753131897773,0.998000097486402,0.0003176252043895,0.8975943897671549,0.0058995250783059,0.9948168751294506,0.0002962086029294,0.9579951172973962,0.0064908578286687,0.0083035755902857,0.0002678385546643,0.9703733124847136,0.0210275201805674,0.997919432644798,0.0018536663004246,0.8539605974443107,0.0735501851986147,0.7635292574902224,0.1017669748698623,0.82312737468098,0.0724339305709847,0.9975368006440112,0.00155976374223,0.6487179487179486,0.1446680769536698,0.9825021655404472,0.0069670716092295,0.9284096605149236,0.0457240310150393,0.0177739368240736,0.0036850877959913,0.8423465125206043,0.0078170023147632,0.9877514247141976,0.0012502668245568,0.4132463729365803,0.0117064976333292,0.3643471027710911,0.0237707378342311,0.595945762864949,0.007583769258436,0.9963691376701966,0.0004784081180285,0.1955223880597015,0.0148422227762948,0.96068875930911,0.0007090018593148,0.7313553491572067,0.0376238619331262,0.0365492768678772,0.0003693424637324,
02B_cost_sensitive_summary.csv,RF_inactive_weight_10,10,0.9995914471128068,8.067438709801958e-05,0.9999794141758922,4.043326019535526e-06,0.9915416904182782,0.001775857143107,0.9606445430699134,0.0043810525398448,0.98548056275036,0.0024443237221577,0.9974948520533072,0.0003500842307785,0.9734662734474128,0.0048677948682752,0.9986511716778312,0.0002471862939933,0.9517991330318614,0.0064324957987278,0.0083968009272206,0.0003192360930167,0.973123563293946,0.0195918783292355,0.9981815710219284,0.0016434747881806,0.8586124918291331,0.0649454081592806,0.7672597418819448,0.0825356990823843,0.8478937353759459,0.0643379922628021,0.9945054194698408,0.0022683324356103,0.7012820512820513,0.1292281821841118,0.9850267800507368,0.0062655923813307,0.8671979558707248,0.0470302397404714,0.0180482562301949,0.0031837740278528,0.8491984103687311,0.0055273969259494,0.9881644621708888,0.0008452082945279,0.4217361582354993,0.0132546268329896,0.3731741925786986,0.0168499143324032,0.6071674532029716,0.0050497777139142,0.994931921331316,0.0008770815497188,0.2194029850746268,0.0100738590703067,0.961758015303187,0.0004755606190723,0.6885577580314421,0.0411973953243146,0.0368802980415476,0.0004894448510219,
02B_cost_sensitive_summary.csv,RF_inactive_weight_20,10,0.9996598570446243,6.61756620643624e-05,0.9999828586430044,3.3168733216129466e-06,0.9929459125483676,0.0014293273066596,0.9601116694126756,0.0054997196239436,0.9952244120263828,0.0016474127060026,0.9962528088269508,0.0006414932699334,0.9941960152258152,0.0034972737316843,0.999704320444796,0.0001780186031016,0.93103314768586,0.0108835669432518,0.0085890075313307,0.0003043903668277,0.9753421084619692,0.0188043432507713,0.9982928186134172,0.0018129670796158,0.8653875496755686,0.0564677242011246,0.7821826205232775,0.0691388237845862,0.8712341555854364,0.0580355527755842,0.9926107613133228,0.0035112316032688,0.7498575498575499,0.1174197859253457,0.9874092851876564,0.0057393082967854,0.8421996897821484,0.0620168133156035,0.0183072626028023,0.0026408580363804,0.8592419897486847,0.0082906079887786,0.9892015951252114,0.0015176605113693,0.4240142271682688,0.0130122389338748,0.3962900316802648,0.0283872906411961,0.6277880642174904,0.0123287461834208,0.992889561270802,0.0007307804713156,0.2626865671641791,0.0245753015626437,0.963730990117006,0.0011676356068034,0.6513477257097947,0.0331332602830297,0.0374722006885429,0.0004852913173027,
02_imbalance_summary.csv,No_resampling,10,0.9997949990388548,5.640861346786295e-05,0.9999897187264718,2.7973221676142623e-06,0.9952832077503084,0.0015450718148994,0.9519955896628572,0.005167489192486,0.957978219125206,0.0041509898352476,0.9997052808826952,0.0001471843456876,0.9162511573677172,0.0082614472499542,0.9957644731280868,0.0004153351068806,0.9937033951940611,0.0031502755533241,0.003906702026613,0.0002191100830781,0.9745473193350328,0.0151753390886802,0.9984297495864396,0.0009926280867829,0.8621031989535073,0.0568519968294781,0.8090540802771912,0.0869957682612465,0.8604739526584877,0.0629796560121453,0.9971587315278015,0.0016093044371053,0.7237891737891737,0.1255330739097296,0.9861654337972656,0.0061161979667674,0.9264321351798468,0.0508823627511219,0.0139799810891824,0.0045864787276906,0.8483392417639489,0.005169924095337,0.9902442050570046,0.000443308793627,0.3454667613403734,0.0082564809958701,0.3681943987861263,0.0165824320729511,0.6130517984961726,0.0053177443237901,0.993267776096823,0.0008324545647614,0.2328358208955224,0.0104359089370164,0.962330659905961,0.0005001744057165,0.6375418679549114,0.0321583007525425,0.0400030184432072,0.000444749546705,
02_imbalance_summary.csv,RandomOverSampler,10,0.9998293713289896,5.942413060050026e-05,0.999991659145786,2.8740472680524223e-06,0.9930446585905732,0.0029538609821117,0.9675944627676336,0.0050690240399571,0.9983579656360432,0.0002681276456424,0.9967159312720868,0.0005362552912848,1.0,0.0,1.0,0.0,0.9393425202832476,0.0093568259454077,0.0036852434213176,0.000297705895621,0.9749553123189272,0.0142959762595609,0.9985155289143668,0.0008697386858235,0.8590794847410528,0.0562400483715733,0.7848556378066445,0.0541086540099392,0.90770804828561,0.0514158726689514,0.9869260680811914,0.0046857181347452,0.8284900284900285,0.1051758492878407,0.9912830111530068,0.0052499982536325,0.7682517779936481,0.0568163276490475,0.0171405754451742,0.0037754199399738,0.841061711111613,0.0061071017791754,0.9894545394936618,0.0005509343155755,0.3459069968554586,0.0078709641015646,0.3176549100092577,0.0170510180911983,0.6457933479350599,0.0098825116535872,0.9736762481089258,0.0030633066159329,0.317910447761194,0.0211662163046593,0.9657159375181082,0.0009734226466457,0.3809243253131199,0.023440875402389,0.0475360691571301,0.0009110521504019,
02_imbalance_summary.csv,RandomUnderSampler,10,0.9884648535040614,0.001519730362006,0.9994161551146944,7.589168357605498e-05,0.7929567039745972,0.0319032734210981,0.5194056307680788,0.0247000207393683,0.9418234742824224,0.006863253548384,0.883646948564845,0.0137265070967681,1.0,0.0,1.0,0.0,0.305590340520315,0.0241742194416164,0.0829500276349728,0.0080173349054453,0.9560445158128588,0.0192797360571102,0.9973593774329668,0.0012179932385122,0.6596615810824805,0.0963154957227718,0.4518539156658138,0.033750592038252,0.885956451219734,0.0341151946458394,0.8764713069978723,0.0187932394549248,0.8954415954415955,0.0772220515644914,0.9940448356996407,0.0042442094416589,0.2710948748888347,0.0240989039458093,0.0902221762208937,0.0074510295857242,0.8365445841894912,0.0100024008298711,0.9891502468360882,0.0008504501637429,0.2959545052694708,0.0321898397556956,0.2647196324210136,0.0274025253129337,0.7216553390385441,0.0209829066156464,0.8686838124054462,0.0135229651921854,0.5746268656716419,0.0405709115181594,0.9757852131278884,0.002251078009378,0.1824463467349204,0.0173696677576625,0.1045662238434551,0.0076693627821359,
02_imbalance_summary.csv,SMOTE,10,0.9993466333516532,0.0001552159538267,0.9999668116566915,7.966955088859577e-06,0.9883222202936424,0.0023662544309631,0.929608775985473,0.005648779584579,0.9423831870262648,0.0055398039227482,0.9992000354496005,0.0001660429437468,0.8855663386029287,0.0111545557682867,0.9942189981267237,0.0005564438336312,0.98254675836133,0.0034870282549528,0.0054775304788851,0.0004077038063688,0.9718016467976937,0.0175325534529668,0.9983029737217946,0.0011398955786936,0.845268773607159,0.0581252642180159,0.7818360142410337,0.0748011206192457,0.8398657164133919,0.0577149393130548,0.996967900063251,0.0018317888720303,0.6827635327635326,0.1157115530440757,0.9841331838914036,0.0056253714397356,0.9209564589999372,0.0423267733502014,0.0153461725397231,0.0041272136867103,0.8358762164969404,0.005667980824696,0.9892751174176082,0.000489952522135,0.3291702867650437,0.00814057480472,0.3289307604397913,0.0208391484167787,0.6005819992322804,0.0084559165488936,0.9922087745839638,0.0012378152000639,0.208955223880597,0.0172343363937201,0.9611644421477118,0.0008004724118022,0.5776766011766011,0.0375517733610941,0.0412985426950638,0.0005646334693232,
02_imbalance_summary.csv,ADASYN,10,0.9994786447327348,0.0001972120610261,0.9999736413847948,1.0015041369435257e-05,0.9898201111668544,0.003415109200964,0.9376512223772312,0.0094617663113799,0.9494390821565666,0.008851429325991,0.9992210880811796,0.0001420623540349,0.8996570762319538,0.0177480872637709,0.9949281581421504,0.0008887079488005,0.9832534966722984,0.002950988133116,0.005311454183065,0.0005815650904415,0.9711222840808544,0.0181864773842593,0.9982480328525212,0.0011879980837436,0.8392164330995537,0.0568003420298207,0.773039217372337,0.1028645428557146,0.8394397144337846,0.0767473668200004,0.9964007963889367,0.0020836369767881,0.6824786324786325,0.1536620455839694,0.9841454318575698,0.0074591476297161,0.905241895785374,0.049492178950534,0.015605116575289,0.0043238423206718,0.8392372479508659,0.0053398352249025,0.989313934838089,0.0004728303083359,0.3268367032237976,0.0088964069946511,0.3281536165873934,0.0342529186594696,0.6012148034411904,0.0116492849249768,0.991981845688351,0.0011933595124759,0.2104477611940298,0.0227445362202238,0.9612260931182672,0.0010939132787827,0.5712625152625153,0.053928613177946,0.0413059758359703,0.0006354117784389,
02_imbalance_summary.csv,SMOTE_Tomek,10,0.9983310198130309,0.0005082003640094,0.9999132071995356,2.727669899508292e-05,0.9780916785804534,0.0047448409210435,0.9146858025499728,0.0120957504184157,0.9306867204044788,0.0098451316257909,0.999031614396969,0.0001775477417504,0.8623418264119888,0.0196057269696911,0.9930534214996988,0.0009799733245668,0.9783290198882284,0.0041421960415,0.0064823870729132,0.0006022315663489,0.9710208858275744,0.0168656661694649,0.998240686754736,0.0011076772126153,0.841020339204222,0.0562468724542455,0.7749365581023594,0.0731917436025653,0.8361389001925055,0.0607255077740585,0.9967792248864354,0.0017967082161821,0.6754985754985754,0.1221528775522362,0.9837679982588368,0.0059970150681043,0.9165854194115064,0.0361267526700087,0.015781775290574,0.0039808678596181,0.8369487660035677,0.0066293549971529,0.9894724029742868,0.0005748545322836,0.3233278225932977,0.0061970063173516,0.3141652145711375,0.0156004963292248,0.5939412242870369,0.0071839478129447,0.9923600605143722,0.0009732858832889,0.1955223880597014,0.0148422227762948,0.9605366683305264,0.0006815067722507,0.5656047744526006,0.0266594455033421,0.041627967821361,0.0005345585666396,
03_mlp_summary.csv,PyTorch_MLP,10,0.9967502510592396,0.0062715686967372,0.9998228697179912,0.0003546941801399,0.96193750643377,0.0535048492608808,0.7228687339774966,0.1231413812859652,0.9728913042165572,0.0226315057876905,0.9524027517752496,0.0336720200947232,0.993379856657865,0.0139378543887628,0.9996273764976864,0.0008025007747472,0.5609902749291367,0.1605954992360433,0.0349771368958651,0.0235684443346679,0.9638487446678466,0.0277319716363578,0.9974490974846828,0.0022394785947968,0.8039750010644034,0.1170782272550526,0.6150926373108034,0.1173220551461677,0.9105358384236468,0.0473043316940238,0.9437212494968662,0.0309983474678245,0.8773504273504275,0.0855714551339599,0.9934145766349044,0.0045240266347549,0.4726376658858505,0.1284525355775007,0.044961280892409,0.0226676205867879,0.8256503037008602,0.0130284037271016,0.9882419778322944,0.0011731191112678,0.367810552702607,0.0233145251580846,0.3299191208286366,0.0544622954739589,0.6867410300991261,0.0187681264991272,0.948108925869894,0.0309924941093414,0.4253731343283582,0.0563969355659434,0.970241980938817,0.0021857274141689,0.3306051728010992,0.1004312803588282,0.0618688051484727,0.0178939608438916,2.0
04_gnn_summary.csv,GCN,10,0.6297349481804745,0.0083156439865256,0.9690431662962417,0.0013615364644752,0.0793117822746389,0.0035647016844003,0.0656721750117792,0.0291387098586704,0.5458283605737101,0.0278302846751093,0.907542664702168,0.0698196751918515,0.1841140564452522,0.1222148632745567,0.9565572814642488,0.0032062948602385,0.0946369374775454,0.0445848026508557,0.1831981340626663,0.0192644086100899,0.6247012783817021,0.0493065439461652,0.968250539341258,0.0039292520316248,0.0936955454621864,0.0292658207497175,0.0657363046507855,0.0472927752450716,0.5489597969673872,0.0450433540962092,0.911879707894888,0.058866975078814,0.186039886039886,0.1438287202728871,0.9569398374251714,0.0050029276250308,0.0855366189721574,0.0349842686775952,0.1828544992296595,0.0166980560378856,0.5660188091313478,0.0025892657452908,0.9605126301128,0.0010437061714313,0.0796336376909692,0.0032134823869805,0.0704877783045089,0.0298524670812688,0.55215469550884,0.0288395574423121,0.8819213313161877,0.0879321770458616,0.2223880597014925,0.1421963309642327,0.9575296942669256,0.003461827385645,0.0994835442296041,0.0579375979656487,0.1889085057364026,0.0196394418230676,10.0
04_gnn_summary.csv,GIN,10,0.6693630993601506,0.0310244870209433,0.9731989993113148,0.0043190318153061,0.1046621749525928,0.0175431278723845,0.0995418956138197,0.0402564595570137,0.5681161908841725,0.0361129112858343,0.912337453610874,0.0626179089257868,0.2238949281574706,0.1303325763680253,0.9588384892196792,0.0041151067917844,0.1152983551633238,0.0506635697064881,0.1685748728698687,0.0162325701797928,0.6627474985219293,0.0665477392599848,0.9719420284030594,0.006161760506154,0.1216211566579891,0.0613200127303631,0.092837381831201,0.0776826735785571,0.5652723839868052,0.0639612827629809,0.9106017480305904,0.0604546108226759,0.2199430199430199,0.1654864967265386,0.9585824975470016,0.007005582108481,0.1082352135373094,0.0625270332057682,0.1680681129151761,0.0185839216617996,0.579177298078443,0.019203028239206,0.963248039107149,0.002764526971911,0.0841106512021126,0.0087563946955605,0.0559044524132271,0.0357562428461848,0.5373134328358209,0.0283885798791576,0.9,0.0743936160618119,0.1746268656716418,0.1171110885197505,0.95574955674684,0.003238686525081,0.089263051588123,0.0525251419597005,0.1733013092168273,0.0146274762172416,11.0
05_smiles_transformer_cv_summary.csv,SMILES_Transformer,10,0.9434651125493498,0.0280409993393008,0.996799061621524,0.0017557289316172,0.5205146212863317,0.1131782822890507,0.3921506409355569,0.0678529007654648,0.8697979437692311,0.0382262495076365,0.8096294940677311,0.0764300739986568,0.9299663934707316,0.0514126331571628,0.9956822811236964,0.0029356756705328,0.2139232568508432,0.0530346360050269,0.1266437133286566,0.0455560908877866,0.8727714029066022,0.0361591662601273,0.9917011536532088,0.0024143974443698,0.3904986512730279,0.1214551348310588,0.3147990707837407,0.0629267185800034,0.7982718398159574,0.0403819048949327,0.8023841354723708,0.0699354762022535,0.794159544159544,0.070899063975776,0.987223986132226,0.0039486791814884,0.1800116430761592,0.0445277853550959,0.1372617238108186,0.0418591476453513,0.7857842030392667,0.0352180884155051,0.9845887468901456,0.0032934874438624,0.2246739062945517,0.0523475978999023,0.2188704433357541,0.0435715356072714,0.6999954840020773,0.0286859637005475,0.8104387291981846,0.0740607769775315,0.5895522388059702,0.0721821797440144,0.9750395605545996,0.003154862451395,0.1460950599618201,0.0344252498755488,0.1374634697519587,0.0412832789279218,15.0
06_ChemBERTa_summary.csv,ChemBERTa,10,0.9853010330540048,0.0097735720410882,0.9992095112092012,0.0005478472814059,0.8249299676534567,0.0915186191358688,0.529913625931449,0.1007014465861862,0.9326823589649152,0.028417265298408,0.8865093974675691,0.0474978374487025,0.9788553204622612,0.0124297154751475,0.9987637319034436,0.0007539157030404,0.33032086721948,0.1055199733094179,0.0788902943504196,0.0305557043005325,0.9254119594884932,0.0381830350961962,0.9945028455263092,0.0035035164999676,0.6111956696409024,0.1482895434927567,0.4250027273951214,0.1037574580451379,0.8519407203942307,0.0585532434626568,0.8749640618710828,0.0467345033951198,0.8289173789173789,0.098734494570115,0.990095657472774,0.0056096083436515,0.2690217545088462,0.0832938704649544,0.0932111131864075,0.0286842853974672,0.8402245579967034,0.0088422190732475,0.98933302841129,0.000764895993997,0.3240911329418695,0.0385200108021814,0.27214708526966,0.0298452433047843,0.730834669316052,0.0252940674897802,0.8631618759455371,0.0258307158812901,0.5985074626865672,0.0619198151909336,0.977016929466435,0.0030964178500168,0.1840662095323961,0.0228029290552717,0.110786919642099,0.016631680106965,13.0
07_MoLFormer_summary.csv,MoLFormer,10,0.9923072656014224,0.0067164419150715,0.9995954669556134,0.0003587726919416,0.8972065156739483,0.0737548654546057,0.6223530549860838,0.1217673927259956,0.9551194509706176,0.0252432878014344,0.9230985432429736,0.039901135436054,0.9871403586982614,0.0119716909057924,0.9992707643464684,0.0006944438685689,0.4338971848376453,0.1467153230601889,0.0534592467391749,0.0260246802421655,0.9540191288728608,0.0269128526883564,0.9969899238268084,0.0018074704684734,0.7426252773696655,0.1204555793849304,0.5455933444797856,0.1136566386904275,0.9027114258554012,0.0440374698683512,0.9173886636766144,0.0375683353166885,0.8880341880341881,0.0587536567594148,0.9937656724789576,0.0033602553652556,0.3795822786534916,0.1110300925415712,0.0616699718801652,0.0247557030576854,0.8487891480569919,0.0152686039033405,0.9892140764548794,0.001500324630916,0.4088863398604175,0.0461791615374283,0.3526760186650349,0.0635367386187042,0.7511577889674171,0.0137432316452068,0.9112708018154312,0.0357688949754034,0.591044776119403,0.0291798573106769,0.9777686067504404,0.0011519050512268,0.2745417787059384,0.0818845403781663,0.0776579612682586,0.0207998229409162,7.0
08_SELFormer_summary.csv,SELFormer,10,0.9733029449167884,0.0170923742533207,0.9985197047973716,0.0009973190817113,0.7316386671638875,0.1254305700390063,0.4653318804345295,0.0672855189027921,0.9100911639662864,0.0281193991307145,0.857501006990218,0.0480251011099374,0.9626813209423546,0.0200521466217862,0.9977764274538264,0.0012189254243937,0.2677699312835352,0.0576998465162769,0.0965574607256172,0.0291484427738324,0.9168063845898288,0.0588119831944237,0.994421555783392,0.0043253662043972,0.5524759489693333,0.1611790912429393,0.4051366934050056,0.090498039576098,0.8567834047672758,0.0624542340267239,0.8520283479960898,0.0455159770791105,0.8615384615384615,0.0895129109436361,0.9916668103490662,0.0057022676137486,0.2393889321454921,0.0589919624094874,0.1068793565900281,0.0293176683629284,0.7776125047982477,0.0172184977634373,0.9803245475232464,0.0015700120635717,0.2742225513945414,0.0487754783504595,0.224469653360017,0.0235215837490652,0.7067248854065528,0.0122261540445664,0.8179273827534039,0.0500414408679043,0.5955223880597015,0.0509555726530124,0.9756214537688188,0.0018165921045485,0.1470262657812074,0.0227358990522597,0.1356533822826678,0.0297395886820359,27.0
09_esm2_summary.csv,Morgan_plus_constant_DRD2_ESM2,10,0.9959967552470936,0.0030991831991557,0.9997910938127348,0.0001640534183949,0.9454625100046627,0.0364123960436481,0.6981519976964823,0.120631292428464,0.9674141491968832,0.0183322640264165,0.9485075275011354,0.0265337082751263,0.9863207708926304,0.0155126207520272,0.999258305113086,0.0008392991057825,0.5306386764194416,0.169706700464865,0.037147473669459,0.0183950357432706,0.962190131418468,0.0271925143545465,0.9975570254019892,0.0020044284865711,0.7896789694999914,0.095472172438548,0.5949751016407405,0.1210734226095731,0.9048694859238028,0.0440076153208956,0.939938402047036,0.0244231040481059,0.8698005698005697,0.0747654442579067,0.9929656463849,0.0040230202777046,0.4492140689836054,0.1400862969074364,0.045625126534221,0.0173524329777001,0.8268238986610067,0.0080032769216247,0.9884317086594692,0.0010167152722793,0.3629408810943211,0.0114516201653606,0.3067498638936967,0.0322215131296716,0.6855002596698805,0.0125522384196206,0.9411497730711044,0.0226249894687401,0.4298507462686567,0.0454890724404476,0.970246811069948,0.0016558604841062,0.2892772620090909,0.0721678512005987,0.0636931143754643,0.0113751489223199,2.0
