fingerprint_bit,importance
1145,0.019971198248662527
1482,0.013299769813919449
231,0.01171478193159323
1236,0.011341603817320835
687,0.010607967395324193
1405,0.009563378076249057
1647,0.008775240181941774
2024,0.008350635475034845
490,0.008126879917509185
1825,0.007898462248435016
1898,0.007544461130879136
650,0.007528651289452383
1708,0.006847250214181647
1019,0.006774073076362421
1911,0.0067591335481349745
350,0.006757441056319575
1160,0.006197651337280741
499,0.006098434827607206
1295,0.005976823794244874
233,0.005760325970174881
352,0.005282563675254557
1765,0.005241351400134676
1929,0.005104682092717115
1039,0.005090451561242236
1849,0.005072464276749387
832,0.005060512112957513
1476,0.005052009061301046
580,0.0049828845545989405
736,0.004917151713422097
1738,0.004857529514339404
1152,0.004797427787682818
1357,0.004786150359440812
1066,0.004727845795780486
1745,0.004694701865782072
1410,0.004626321531372648
1222,0.004550041510424302
893,0.004508017890631761
319,0.004502164162118586
1634,0.004474299349661884
935,0.004459335878746784
1325,0.004456269068909079
875,0.0044444041097334635
667,0.004365979235982731
1671,0.004246944977366884
559,0.004238758711207077
20,0.004219190055638259
1597,0.004201728008011523
74,0.004052111319134086
653,0.0039884943228789575
1536,0.003987478997110839
9,0.003962200870977293
1162,0.0038926587382795193
191,0.0038913748366576377
1791,0.003886116358448482
784,0.003880386947856867
807,0.0038724528422939427
1508,0.0037142688028651023
114,0.0036939784652697347
1689,0.003664762743233927
29,0.0035550117559882705
679,0.0035524691068290503
104,0.0034270927725575024
371,0.0033679463480580196
389,0.0033340535200644377
455,0.0032985643996549176
926,0.0032934549580169482
781,0.0032924354992994115
338,0.0032919362557459263
562,0.003260646357604292
1199,0.003248360497931907
1518,0.0032412062284122513
1564,0.0031471238193529595
841,0.003102100331522302
561,0.0030779795016902547
341,0.003053806475897831
1722,0.0030342252993643443
13,0.0030106588761901944
1970,0.0029913002841908077
1754,0.0029831933603641746
1655,0.002980619736059684
765,0.0029793484074592124
1917,0.00291518168938912
387,0.002901189485538586
407,0.0028915899136316386
1060,0.0028905682767683687
1972,0.002841314446408093
2000,0.002830321486953611
1452,0.002802363408152088
314,0.0027749103381740103
1280,0.0027654837240365117
378,0.0026893483896615706
695,0.0026746609170658665
1449,0.002662573531922405
1752,0.002629364091900254
1928,0.0026107484242381862
1027,0.002607242698293104
1349,0.0025968243406379403
388,0.0025841948555173594
641,0.0025807333856043956
1526,0.0025290572472021987
675,0.002518918601790153
747,0.002518614051105398
1522,0.002514531081842969
1457,0.0025095061628282256
162,0.002463557086338043
1243,0.0024597442326464328
1480,0.002397720430839155
950,0.0023692818458964674
1855,0.0023545623891149167
197,0.00235340726370723
1379,0.0023191632144732898
379,0.0023084718816405066
699,0.002300696721001166
1665,0.0022894169730474498
1057,0.0022791973330019023
703,0.0022748346971998754
1088,0.0022478887100882026
116,0.002233447391798821
802,0.002230694404978383
1590,0.0022017260030722597
322,0.0021922160514835907
739,0.0021678914302789482
656,0.002166479175942951
249,0.0021516226346923743
564,0.0021456346439323627
8,0.0021381017735975063
294,0.002103457337884987
1115,0.002094704935641543
1683,0.002059033871272816
222,0.0020519780253754265
1804,0.00202537160450823
896,0.0020061378174104066
828,0.0019913990530752166
486,0.00197849494498491
1261,0.00196466326473766
848,0.0019591566800455738
794,0.0019380133382099715
1670,0.00193626297519741
1026,0.0019343936245709925
1279,0.0019005067120277605
1385,0.0018998933408769288
52,0.001890176871016871
484,0.0018790211753978994
1182,0.0018748248848469472
694,0.0018714595638339362
1070,0.0018683451085912187
1156,0.0018580164002084234
811,0.0018464327292146542
1453,0.00184254354027438
585,0.0018343300557255471
684,0.0018244286154094527
1114,0.0018119160274868709
1876,0.0018071541171206123
392,0.001780396983923187
1292,0.001747886462405854
1417,0.001743090114997891
1011,0.0017243621793464534
816,0.0017161755367975878
1939,0.0016952807996163308
1487,0.0016855427303343836
1697,0.0016781271715309277
1607,0.0016517525063116567
845,0.0016502287848082792
1888,0.0016444263791008306
809,0.0016435876965818974
1338,0.0016230230938291004
974,0.0015914550932830706
265,0.0015890323036581709
1164,0.0015685875969497288
984,0.0015685182895264149
1980,0.0015634011060317308
1783,0.0015506901182527509
165,0.00155047837219521
26,0.001534929314565922
1920,0.001529210242012962
1602,0.001522500304465686
216,0.0014965221724855032
366,0.0014953147009934406
1389,0.001473324057258312
2010,0.001444324899022197
14,0.0014385193767230203
556,0.0014315374035000098
1612,0.001424271268713251
1,0.0014202918073672834
592,0.0014166043320275247
204,0.0014144717220879958
1249,0.0014015518370339034
718,0.0013903644850422519
1573,0.0013842356595215343
1245,0.0013752540272301498
885,0.001354908591089464
1892,0.001350554957448932
602,0.0013404777697198374
881,0.001340144506986443
1935,0.0013342335196511752
1312,0.0013339343992911407
259,0.0013194047648647184
60,0.0013080575110746603
890,0.0013079832743101236
1806,0.001304635190111898
806,0.0012970307591652402
1034,0.0012857772370501591
1420,0.0012769974049928706
1257,0.001248804793417374
1154,0.0012464698079252387
869,0.001245627490304971
145,0.001245548144509978
1769,0.0012309297811568772
987,0.0012162351743006644
202,0.001211748719756516
255,0.0012108824802417831
1950,0.0012025365521680003
901,0.0011968466647170654
956,0.001195253524696917
1604,0.0011823845679684029
1937,0.001180226450754952
713,0.0011801612441878497
2045,0.001167691780539995
1269,0.0011668300497674159
277,0.001158492265441705
1817,0.0011440932909848062
1866,0.0011434672152937353
119,0.001140630657811856
1977,0.0011378797992101905
1808,0.001126110096919523
118,0.0011210042588411322
1049,0.001114310586154507
80,0.0011016520513204876
720,0.001094251441737855
1771,0.0010837637179388847
102,0.0010827986947854627
1897,0.00107213832539429
725,0.0010718652695384393
2021,0.0010586120906769304
1365,0.0010582640605431022
1030,0.0010573032021367764
1910,0.0010562917596723383
1535,0.0010539727851459676
361,0.0010311466602801979
1660,0.0010300906551573015
980,0.0010210037161191017
440,0.0010149396392313827
1964,0.0010107377010025501
1205,0.0010070023761224397
194,0.0010055641443347304
1951,0.0010039488786372569
1384,0.0009977741545388118
143,0.000993614394604489
66,0.0009851342460574567
1101,0.0009845808197643203
1274,0.0009784416695509698
1092,0.0009743693675752387
797,0.0009683948975992247
1905,0.0009597830965276514
1171,0.000952215340025416
1463,0.0009505224514888006
1321,0.0009486401784276187
552,0.0009439455993024256
1017,0.0009357389999499283
1803,0.0009328890419216397
201,0.0009291426685003538
2035,0.0009282645599184722
1472,0.000927696189704156
1816,0.000927670719946699
1879,0.0009254584386413806
383,0.0009213813356352255
130,0.0009174002491441415
1663,0.000915851030354893
2040,0.0009148350543905517
589,0.0009100126521657915
831,0.0009076003085476567
219,0.0009060824387754415
1823,0.0009026177133920798
790,0.0008921373899044705
1516,0.0008849345081656821
1370,0.0008837357012435414
1339,0.0008835366024675264
464,0.0008820338516064812
2009,0.0008813987493211597
94,0.0008670655177997763
668,0.0008645639797528508
1322,0.0008600121216338062
1309,0.000858454014945514
296,0.0008574421482826139
680,0.000855278822110364
1523,0.0008516937039743555
92,0.0008476430144691675
1946,0.0008462275015976484
761,0.0008430138918608908
207,0.000842667936854984
218,0.0008395017387649984
502,0.0008374635271221076
1991,0.0008353984219656753
1948,0.0008317229661225317
2004,0.0008305348961047567
1567,0.0008298270046978467
441,0.000825209530029549
879,0.0008236224287358964
1914,0.0008200610250878953
1087,0.0008176201926789156
1327,0.0008127001592834909
310,0.0008099981469865432
1028,0.0008065515981016904
1407,0.0008008094784458719
701,0.0007928877094185031
820,0.0007902301193257754
1781,0.0007797805528807274
329,0.0007744485304728337
175,0.0007724888686093017
674,0.0007699788231714476
1630,0.0007619966804925076
746,0.0007571888740590997
1441,0.0007551250873730079
1997,0.000752203696426766
819,0.0007425242912074743
384,0.0007413514966792565
305,0.0007349248352773369
283,0.0007323025181202379
140,0.000731816328811802
1136,0.0007272866394517891
41,0.0007177865259017514
911,0.0007156923135382229
1036,0.0007148457138530318
1489,0.0007129518008593777
1761,0.0007090303854191482
1077,0.0007060217756176774
1854,0.0007049152908900795
473,0.0007041891174292701
328,0.0006996405307407269
1326,0.0006958576058207911
1747,0.0006952586369883451
1203,0.0006821078140246649
1284,0.0006808696199796058
1450,0.0006803517898158712
1195,0.0006800085839633857
1853,0.000679709157521902
43,0.0006783709484068507
1158,0.0006780266124236192
744,0.0006775987571105711
1089,0.0006761670241841132
517,0.0006755178024495711
1923,0.0006751401995565075
1422,0.0006749132069643482
106,0.0006745938403943668
1563,0.0006727957839767483
142,0.0006725630908808906
158,0.0006682489039877965
724,0.0006671575451230212
1616,0.0006642599926350818
461,0.0006599807997350011
289,0.0006596652739388955
1094,0.0006572458279928587
528,0.000654950756731023
90,0.0006544841848121457
1004,0.0006528502480700901
526,0.0006486382300816963
652,0.0006438959830693947
661,0.0006438174132511545
855,0.0006429766564393737
728,0.000642971548567772
1586,0.0006422949582943324
1347,0.0006407141420909431
588,0.0006401532344975784
177,0.0006387700735789399
751,0.0006357608815382824
1097,0.0006337691059302424
1623,0.0006300310207670193
327,0.0006300065757887603
1216,0.000628921591621265
1717,0.0006206970469664678
1260,0.0006146089678116153
496,0.0006115608559280945
1631,0.0006092977992138717
1501,0.0006041491724178314
591,0.0006005783025452836
362,0.0005965880226258376
1882,0.0005951599344059119
1792,0.0005940076111832179
1985,0.0005919437958495624
1840,0.0005917726082360489
468,0.0005889440016936421
1832,0.0005884673746970248
1542,0.0005870445386488245
273,0.0005847954945032446
567,0.0005845693723281492
1163,0.0005780122108970945
1294,0.00057755721262418
1430,0.0005768235035233608
1750,0.0005745334117654427
313,0.0005703122580622468
333,0.0005670726089215808
1344,0.000566282322342811
1233,0.0005660821632200928
1175,0.000565218998178928
1447,0.0005641828773848196
895,0.0005631775649443148
1168,0.0005583123761422641
1192,0.0005572362593811555
1391,0.0005562698407625271
1224,0.0005540150364445623
804,0.0005496198626306723
2022,0.0005479161140321399
45,0.0005478205495330575
927,0.0005464494928365111
533,0.0005464267946992941
1503,0.0005457994219066297
772,0.0005450282446704255
446,0.0005433155123479543
1599,0.0005406499340384409
906,0.0005400617916369513
1922,0.0005395934181009108
837,0.0005323429177764391
1455,0.0005269429848659015
527,0.0005256100626191628
317,0.000525088293113339
248,0.0005215470476967276
226,0.000520025776049124
1498,0.0005199776666126575
2043,0.0005182612224712871
1545,0.0005161232680834517
40,0.000514993165877802
15,0.0005129336050885478
693,0.0005117069565228821
242,0.0005040879497517346
716,0.00050280046297683
1143,0.0004997138315291657
898,0.0004971096093889494
1064,0.0004964414626505494
1283,0.0004948569470252539
1517,0.0004937745663295717
1001,0.0004908780987593792
1481,0.0004906471295759332
155,0.0004898762936815894
408,0.0004894141084410537
812,0.0004862521276198545
771,0.00048585159603346475
75,0.00048341888251983813
2042,0.00048220524988699216
1434,0.00047916718213949176
817,0.0004773788237020004
1811,0.00047535113135744315
595,0.0004723819906775602
1045,0.00047217826042679647
638,0.00047109072311274326
1733,0.00047055508416172994
309,0.0004681942172004197
18,0.00046691003561034005
569,0.0004667881546843542
1324,0.0004640696099889172
554,0.00046321781151770555
1308,0.00046020925913959016
1167,0.0004585034963591953
994,0.00045786650437896684
2028,0.0004576723229881731
800,0.0004558686478474153
488,0.0004557745126967311
1091,0.0004556290248058266
1706,0.0004555744464878464
1367,0.000455302269082873
1693,0.0004552852928903835
1504,0.000453750754434892
381,0.0004519412117106943
1496,0.0004506266496409439
1915,0.00044936195247530925
1990,0.0004491718850357507
715,0.0004489832437225612
470,0.00044809624059799296
798,0.0004467439527740993
1200,0.00044464738238249817
1677,0.0004444849622254712
412,0.000443688679205696
1432,0.00044176778767498933
235,0.0004409356102276095
1667,0.00044038314287588016
1317,0.00043737940025953564
241,0.00043698536433258833
1470,0.0004365669736599694
1230,0.00043605971406020916
1714,0.00043151601288037543
2039,0.00043149140314187936
1627,0.00043117452773218135
323,0.00042955726841002246
1169,0.0004293398207215825
413,0.00042861654592513213
364,0.0004279708589934389
88,0.0004273903120467295
1969,0.00042311213457513506
803,0.00042236646561410026
1736,0.0004208724950137778
745,0.0004206654620701744
932,0.00041906486979774704
1058,0.00041864982177405077
1302,0.0004167307786153395
1831,0.00041413132116779417
1035,0.00041364126084486304
1569,0.00041113838704896023
843,0.00041090499665507105
1731,0.0004107296949916838
1799,0.0004088491806864485
557,0.0004074820602965211
1043,0.0004074368719752364
258,0.0004047036241116335
487,0.00040394575014770443
269,0.0004037379662696981
1550,0.0004024519411139539
654,0.0004020710437944463
586,0.00040059918880886976
1155,0.0003983467698701766
1342,0.0003931649401236155
1637,0.0003930747039008123
1313,0.00039125240158661105
1157,0.0003890989365766597
497,0.0003889722502300185
1275,0.00038882829282522986
769,0.00038848962040653496
1778,0.000388292449660049
1238,0.00038676015827210646
624,0.0003863235813789716
1809,0.00038584792844261075
409,0.00038416387429186024
1960,0.0003839815236668301
50,0.00038328502765873633
171,0.00038324193045226036
1475,0.0003772777417127539
1843,0.00037698162824086696
1603,0.00037634947131136564
601,0.00037480472506003546
489,0.0003730207201602099
1256,0.0003727825182264397
227,0.0003727559245124363
666,0.0003719872941203268
1362,0.0003694591981292791
1307,0.0003691020294241633
1548,0.00036868311764274973
1570,0.00036625654086616796
65,0.0003653544995510719
1575,0.0003652530289342254
582,0.00036374324606238203
1437,0.00036365353126311414
940,0.0003631155865508011
1975,0.0003618200233792002
1051,0.0003615571282298053
117,0.00036070734144250176
1669,0.00036059651723421295
1390,0.00035952317572620094
1673,0.00035925096061975803
1528,0.0003582139366899642
1468,0.0003572131471373931
637,0.0003546648562935096
1110,0.0003544790958076761
217,0.0003536485213825164
1648,0.00035161894199932007
1013,0.0003507670796462238
346,0.00035006596544390797
1984,0.00034771917621027784
1172,0.00034627955531663687
1273,0.00034508597678467747
72,0.0003434937043853383
883,0.0003425163553282481
1299,0.00034203332263941225
1982,0.0003413635258401269
978,0.00034132011412689456
251,0.00034089256607085656
877,0.0003386409220343006
1632,0.000337664432078484
1409,0.00033746313464834405
1054,0.0003362825548986432
1473,0.0003361421902983129
386,0.00033613918751385167
908,0.0003348615353856984
353,0.0003347665514020247
1265,0.0003346649296273899
942,0.0003342670763876228
1934,0.0003340072403658718
42,0.0003312244613104541
1552,0.00032965280767507504
570,0.00032850084768240443
1837,0.00032700642483828187
368,0.000326791502531884
504,0.00032566652416129874
501,0.00032556911171729215
122,0.0003252598177540193
912,0.00032418386646335904
1285,0.00032153705194828524
1878,0.0003204873690677032
1507,0.0003199452475922525
548,0.0003193083204427592
1096,0.00031920734112650645
1129,0.0003179048200359053
31,0.0003173035627280079
606,0.00031625705724225577
1724,0.0003159446137923069
630,0.0003154860118140883
1128,0.0003140475420939009
1356,0.00031073580133113336
916,0.0003095850989649786
59,0.00030949739367428604
575,0.0003063859173412041
4,0.0003060779223983705
1755,0.00030535584025127036
220,0.0003050465955530439
430,0.0003040626350925588
558,0.00030395289118605526
1578,0.00030105969358062875
433,0.00030095826710543856
359,0.0002988571048037295
514,0.00029847514686327293
1298,0.0002975553193926531
1445,0.0002968623275330468
834,0.00029410926749226014
99,0.0002934325800381407
91,0.00029312120198930926
87,0.00029040818750154275
1834,0.00028998778948179126
56,0.00028959486135479576
57,0.0002891641343880522
1529,0.00028780702892118425
3,0.00028770001672382713
1484,0.0002871213322685239
829,0.0002867447911811235
421,0.00028521196504070355
750,0.00028409334270122896
1002,0.0002840338908442394
1862,0.00028376780364602726
33,0.0002834631739852292
1952,0.00028265332970201006
1268,0.00028234809188198046
731,0.00028226881152192015
992,0.00028220652562276267
2030,0.000281528427692135
825,0.00028069444242280874
1333,0.0002797598605707722
221,0.00027824219661237595
622,0.00027792156833727295
147,0.0002771933911973636
1055,0.00027709608402409145
936,0.00027642085178556053
475,0.0002761655491629296
2046,0.00027575653089001196
642,0.00027495489579868333
1495,0.0002743611609263162
1264,0.00027368535031854763
448,0.000273532538422458
614,0.0002727548702103515
689,0.0002727454392448133
1104,0.00027167225119726474
1231,0.0002709568618178972
1047,0.0002707459101879176
208,0.00026936391429330296
1007,0.0002691565757560975
1086,0.0002674729471156065
947,0.0002674619581575552
555,0.000267447142103311
964,0.0002662235136916417
1494,0.00026594639992678497
965,0.0002644456123577456
1859,0.00026435664216744643
1319,0.00026430503216585244
83,0.00026387595553836377
86,0.00026225742113893666
710,0.00026137309782246044
600,0.0002601189156233608
1556,0.00025986186731039913
2018,0.000259452887318475
1873,0.000259196815480712
635,0.0002564027117999653
573,0.00025624366331958466
1471,0.00025543657385528724
1254,0.00025403661246758996
968,0.00025396871756746685
1392,0.0002534928987968875
1746,0.0002525216591407635
93,0.0002520467185806334
1348,0.0002506008303468903
357,0.0002497929203227943
758,0.00024840319759796556
1497,0.00024755814600225753
1734,0.0002472117586411899
34,0.0002469444925896654
581,0.00024616519500234165
121,0.00024603377834399185
167,0.0002441206349874854
1126,0.00024364969311191926
1330,0.0002434431998717026
1211,0.00024227017550148438
431,0.00024149282655783308
212,0.00024033347577367384
1461,0.0002396475928296939
1954,0.00023951374434343545
1255,0.00023929415034926513
1577,0.00023840105238644282
1147,0.00023834104430229899
157,0.00023774068399466775
1620,0.0002366199843673638
1941,0.0002362972663615375
163,0.00023618539400961836
5,0.00023576932055953376
1174,0.0002326497837235166
11,0.00023126855588369524
1633,0.00023061626204676542
1483,0.00022982152046705176
1561,0.0002285872966197284
1399,0.00022838205147064172
293,0.0002280637358983788
507,0.00022790358492234437
1766,0.0002278739958804262
1770,0.00022585070318233616
952,0.00022572156200662935
351,0.00022289029100378243
1820,0.000222259796904659
62,0.00022220542595013514
444,0.00022202576405257895
909,0.00022172484796770562
1404,0.00022124750243284873
1530,0.0002210161277925539
866,0.00022015905839291032
375,0.00021999898918078297
2014,0.0002196064884726707
814,0.0002194764807281144
1141,0.00021937820712019266
81,0.0002183699537793668
112,0.0002180046151494492
1927,0.00021675767414353587
480,0.00021667698992776016
295,0.00021530547661607026
836,0.0002152083369280846
598,0.0002150246818768665
847,0.0002149468282751389
766,0.000214881790123874
325,0.00021476043983182177
735,0.0002143442415034136
949,0.0002130059721846625
1963,0.00021297434657984116
1209,0.00021279009776820944
146,0.0002118966607931382
1973,0.0002118348796032297
632,0.00021161926383540483
953,0.00021141959882003752
2017,0.00021115116198766254
1652,0.00021056096919522607
838,0.0002101329551325572
664,0.00020968853745917905
213,0.00020940288296915127
1527,0.0002091872174408738
996,0.00020868961068308268
2,0.00020838868225892505
1800,0.00020828737232948997
1704,0.00020821361218262995
54,0.00020733912048262696
568,0.00020681153660178313
522,0.0002067841546184986
1291,0.0002030377668226426
1581,0.00020269024848820378
1067,0.00020179410846328185
1235,0.00020149979323343673
1891,0.00020119414678608006
1860,0.00020104038285398618
1048,0.00020077093241841984
1281,0.00020024199457422713
95,0.00019982743204943106
1899,0.00019914189921337144
1334,0.00019870883824505602
621,0.00019753433799040768
1727,0.000197236529816221
153,0.00019569900961275403
714,0.00019548573902271966
1844,0.0001951747607227805
335,0.0001951047187670504
1998,0.00019461689463962594
2033,0.00019459319793761935
941,0.0001944871306421749
1123,0.00019402490398685328
541,0.00019395678130923387
128,0.00019362843787782438
892,0.00019332858236897996
1886,0.00019329371853003805
393,0.00019328707745641945
1624,0.00019258824119819005
107,0.00018941708517453942
611,0.00018867900708924426
970,0.00018798213116482762
1672,0.00018791438297438904
1904,0.00018768524584621843
245,0.00018624473576327392
1219,0.00018594678533453263
705,0.00018508739366083826
1715,0.00018430236461723366
1052,0.00018428703966653863
1851,0.00018406344069014599
1589,0.00018340265614785362
271,0.00018182413314831093
826,0.00018104488824264783
532,0.00018076982405713972
491,0.00018065201223596908
189,0.00018052110484895737
1703,0.00018036096543982375
1395,0.00018009345426278796
1798,0.00017992997596707273
1373,0.0001796726577529315
262,0.00017959576320230035
981,0.00017950009000561196
288,0.00017944740869814478
1232,0.0001794014908789607
1925,0.00017890443387651178
343,0.00017841567229277
211,0.00017751002502851276
1638,0.00017743333986299366
1184,0.0001773471145617244
278,0.00017728017482932605
1974,0.00017650850410302085
610,0.00017585226891524218
2034,0.00017495978353151848
985,0.0001749323168120827
1712,0.00017323847971704214
1296,0.00017317768899780716
272,0.0001714028935594513
1815,0.00017047130430613072
888,0.0001699406029352291
692,0.00016986925847195728
1962,0.0001694637702952598
1887,0.00016914177736347262
214,0.00016830679574951978
1943,0.0001682264470828335
951,0.00016739341794007743
1215,0.00016736437941935816
1847,0.0001672094713199304
1692,0.00016704552956836838
1701,0.00016590292310808156
1921,0.0001647717223209261
1971,0.00016463967451339653
1063,0.00016438012625474
519,0.00016430320474616734
1276,0.00016416410777630896
1059,0.00016374593898125953
960,0.00016367407651021748
84,0.00016348517122258233
1493,0.00016341339708867594
1709,0.00016339408908146706
967,0.0001630712078691997
1547,0.00016073480127264675
63,0.0001605772272817525
1208,0.00016039748030919547
737,0.0001601948499749887
707,0.00015942371072846836
753,0.00015940131587313913
1366,0.00015922569090548732
318,0.00015907721411599298
1009,0.00015880125869427694
571,0.00015846402520645227
198,0.00015823485606058545
298,0.00015802395439808335
1743,0.0001574479477170231
437,0.00015706913663602627
287,0.00015665195672977087
590,0.00015648624472756529
53,0.00015541140245062612
1239,0.00015538277907302292
1618,0.0001553201934991753
988,0.00015446063957436516
61,0.00015228175496492422
535,0.0001517936049199166
498,0.0001515499146510057
1728,0.0001506815581337582
1537,0.00015029226807505372
1240,0.00014920307886020806
1758,0.0001488708788504092
1814,0.00014866280162026486
1645,0.0001480593977579543
1412,0.00014755410291889746
1912,0.00014694513207260274
2044,0.0001465930299942328
854,0.00014608648074342486
835,0.0001457762576593265
1176,0.00014524594800902679
1511,0.00014369388004774087
397,0.00014242093494309157
787,0.00014189610605535024
1085,0.000141622916723025
1125,0.00014095653288733652
1762,0.0001407522522561613
1810,0.0001405336338856614
133,0.00014007814563258818
1639,0.0001390536064839765
823,0.0001390155099620634
398,0.00013810708880423257
1978,0.00013777520747609208
623,0.00013757349036288877
1440,0.00013750086482712694
1742,0.00013727089024063337
1819,0.00013719221266744936
2005,0.00013673142904238988
425,0.00013662108932044738
1718,0.00013627166080825066
260,0.0001360896785514709
882,0.0001360234284430044
1585,0.0001357570829470674
1992,0.00013531881888898385
1999,0.00013531831997141196
1863,0.00013453305731540505
1649,0.0001344717258410552
1646,0.00013314566247268274
1544,0.0001329182072440106
355,0.00013288669924909228
1513,0.00013271493299685347
275,0.00013257854469681543
628,0.0001315093433799708
1301,0.0001310799215200804
1540,0.0001299782721855592
1875,0.0001297782507638859
1416,0.00012944495255798926
840,0.00012885664050009112
203,0.00012796204437964112
921,0.00012792286334193634
1828,0.00012780695342729878
1675,0.00012769953144238142
176,0.00012768650436575764
1699,0.0001276634626884919
2002,0.00012751354110473098
607,0.00012712870550496785
1779,0.00012705767058285346
1032,0.00012694132020185555
2038,0.00012640318264265073
1613,0.00012586028104786306
1477,0.0001257828198259151
902,0.00012546305823578802
1580,0.00012538665614475686
1890,0.0001249344785634575
1777,0.00012445563803347627
250,0.00012438496010294618
1401,0.00012410964611835659
1884,0.00012323479715433647
1797,0.00012299548703965392
1682,0.00012259976214210876
1919,0.00012187112494153676
301,0.00012181010380855095
326,0.00012174782989118904
1252,0.00012161355840212948
257,0.000121561579147244
1626,0.00012139015393555547
1451,0.00012090268509965747
1713,0.000120115278748245
937,0.00011955159401087668
844,0.00011949250573610093
894,0.00011928178280361823
1521,0.00011917365508164203
493,0.00011906856621389078
476,0.00011887791434419218
530,0.00011791786865241786
1050,0.00011785335616961881
690,0.00011778493083250871
2032,0.00011751291444742339
1170,0.00011735633421136649
1956,0.00011643395465031372
1226,0.00011615224316509092
1582,0.00011610288145104789
560,0.00011574037820225197
1711,0.00011570582689526121
521,0.0001152738576439854
1397,0.00011453471149231413
805,0.00011343029351739235
523,0.0001121975242445377
193,0.00011146263006722074
876,0.00011138481497404101
411,0.00011115258196327634
395,0.00011108553854910132
1181,0.00011088873121396426
428,0.00011035944139856035
1861,0.0001094742288014727
1116,0.00010907887399088822
619,0.00010830016348302634
1134,0.0001082303572451282
884,0.0001077143242849052
419,0.00010741843018700284
608,0.00010632326438052671
1042,0.0001054548537580003
125,0.00010518907721752992
547,0.00010510828883601798
1744,0.00010373192075843328
822,0.00010342498206283336
1023,0.00010317711922272667
1502,0.00010268464838723736
1262,0.00010265862692823694
1446,0.00010264864142576574
768,0.00010232498865101367
782,0.00010201625895189158
1225,0.00010167855441341798
1214,0.00010154193219072455
1995,0.00010122481234782821
71,0.00010095457897505726
1668,0.00010079188705565064
609,0.00010026254197509354
268,0.00010006293650203826
463,0.0001000616713164665
1557,9.984238208136722e-05
1594,9.91792896986802e-05
291,9.864620792945689e-05
1031,9.825048498491017e-05
1138,9.808611792039184e-05
749,9.801238566347244e-05
915,9.79844941934569e-05
1466,9.777041984072404e-05
1979,9.755651691095577e-05
1621,9.745380765749595e-05
1989,9.732779793899023e-05
237,9.697670774611455e-05
297,9.65940283665331e-05
1153,9.582375701028125e-05
759,9.561671133612702e-05
1700,9.558459178083172e-05
849,9.465619799960849e-05
1629,9.423888763787262e-05
1784,9.405916967395798e-05
184,9.315155819235851e-05
1543,9.303841080609122e-05
1374,9.296706754559986e-05
1458,9.273208199775328e-05
813,9.205675484415157e-05
1122,9.203589216853688e-05
82,9.160243511780895e-05
7,9.139683494083196e-05
281,9.126422837418806e-05
543,9.121159690957989e-05
1121,9.09727192623643e-05
469,9.001388690218206e-05
721,8.990422384976706e-05
934,8.861854939509719e-05
704,8.791310771417881e-05
544,8.760598280998946e-05
274,8.700850010120312e-05
1082,8.684527692263799e-05
1398,8.675484461746684e-05
1609,8.555406789879873e-05
32,8.529812779765246e-05
438,8.529365491337964e-05
1140,8.519079905646576e-05
1588,8.488271067018818e-05
605,8.444151483796576e-05
279,8.383520258002182e-05
711,8.381163738780417e-05
1932,8.375849902760061e-05
1218,8.291802392999813e-05
1065,8.290594853756655e-05
180,8.239351497383912e-05
284,8.191838192333752e-05
1491,8.15273358900604e-05
1610,8.123600841180464e-05
458,8.095073211976207e-05
1364,8.083469036418196e-05
105,8.060970113178565e-05
577,8.027192142838969e-05
85,8.024288342974061e-05
1127,7.973410872494381e-05
1151,7.912410783484187e-05
474,7.894002692866999e-05
662,7.893995583964178e-05
1836,7.880973832979307e-05
369,7.84087279838493e-05
1293,7.79173077290476e-05
1428,7.772206444240065e-05
394,7.766173209444885e-05
785,7.725037068695994e-05
132,7.662342613744882e-05
78,7.635936143048623e-05
676,7.62003426939532e-05
1105,7.547103486786361e-05
1642,7.528169059210908e-05
282,7.498767533909092e-05
775,7.4922408590373e-05
958,7.452012577130628e-05
649,7.438391963181837e-05
917,7.42005278809144e-05
1605,7.419522044750083e-05
229,7.26447575065583e-05
1454,7.228489001777472e-05
1289,7.219111425138865e-05
471,7.199391908114755e-05
1108,7.136994815350264e-05
604,7.126162657790778e-05
626,7.106816853147589e-05
954,7.010508163384472e-05
2020,6.988982961851676e-05
795,6.971591111769211e-05
938,6.936656064021273e-05
755,6.879840989744986e-05
503,6.833674012524755e-05
990,6.818296582096345e-05
734,6.766349931264947e-05
1657,6.740770698755837e-05
1090,6.731715205938759e-05
1538,6.723373832680643e-05
1124,6.713176069518304e-05
426,6.63443297674936e-05
1456,6.604810977787226e-05
944,6.577999061112749e-05
1106,6.561615244856903e-05
516,6.538634224382597e-05
864,6.497205280141537e-05
1554,6.468563555831528e-05
24,6.385944748660929e-05
1757,6.367193560944079e-05
1403,6.339440755957537e-05
1926,6.336773155304216e-05
842,6.315408459685776e-05
1679,6.302542493254567e-05
141,6.292068768705823e-05
1448,6.281380677539644e-05
144,6.263149143100765e-05
1353,6.233835621526296e-05
79,6.191110603088229e-05
899,6.148402366549355e-05
1120,6.130518327121175e-05
1368,6.111848559281321e-05
267,6.083151809836624e-05
1696,6.030093601680445e-05
243,6.024753891647461e-05
1267,6.0205643080142574e-05
865,6.014660284315085e-05
983,6.006502386839491e-05
833,5.978985511342599e-05
618,5.973528418399376e-05
534,5.968763521527417e-05
154,5.9678623482414826e-05
1490,5.960921307156423e-05
1006,5.932344135258888e-05
330,5.890811371126996e-05
27,5.889280170646761e-05
1824,5.880973257656693e-05
1271,5.869160066519041e-05
1895,5.855616225456253e-05
691,5.85419388901086e-05
1764,5.8492848264082486e-05
859,5.8363823199173755e-05
1071,5.820802334058944e-05
1159,5.803047391773195e-05
880,5.79801456915439e-05
156,5.787177741188045e-05
182,5.766553549852801e-05
717,5.743697641158674e-05
634,5.6805305326294774e-05
536,5.633465551900434e-05
743,5.535961394993487e-05
1938,5.534576253827303e-05
466,5.4890371864271483e-05
1305,5.4824266984872486e-05
931,5.4714226683367625e-05
1360,5.4611741361402744e-05
349,5.4482431509564135e-05
195,5.44439816461435e-05
1961,5.436640520884644e-05
1258,5.4089431410117506e-05
1270,5.362080805078444e-05
874,5.293260167079533e-05
252,5.288691816679167e-05
462,5.2675268452890397e-05
1611,5.255229559451096e-05
1402,5.23114659007847e-05
1375,5.212341325349227e-05
1083,5.211592935810909e-05
1903,5.185814055374874e-05
166,5.1638230986290976e-05
1351,5.1362942628991614e-05
946,5.117325547161559e-05
1429,5.0993218528764255e-05
137,5.0843617098222234e-05
1187,5.076769600773694e-05
738,5.046281208553825e-05
1719,5.043588503992682e-05
1387,5.041297239941237e-05
920,5.038533742097687e-05
1640,5.028185317220189e-05
206,4.994851695296465e-05
1839,4.9589890862436306e-05
1702,4.946203892234453e-05
1102,4.9454238450441614e-05
1300,4.9107100943506344e-05
760,4.90767872898119e-05
991,4.9041398204226585e-05
1303,4.903892910125911e-05
1377,4.87929057325496e-05
1340,4.85301961285724e-05
1870,4.828363578887429e-05
1304,4.769606480789688e-05
1721,4.760970582655806e-05
1024,4.7558790369143974e-05
1539,4.7354515549332e-05
465,4.7112518605737346e-05
861,4.710327962974294e-05
1519,4.6953761333160485e-05
566,4.687764909345443e-05
1812,4.667860802586864e-05
955,4.652951215637047e-05
975,4.645788930329803e-05
1479,4.642358014938425e-05
969,4.587777264950384e-05
1981,4.5741688114464675e-05
1015,4.56393670239361e-05
190,4.558388341660162e-05
76,4.554747034900262e-05
550,4.477738507226465e-05
1756,4.466096997205422e-05
1900,4.450167006733548e-05
726,4.4450913351591695e-05
337,4.438137358112496e-05
263,4.405740668450002e-05
1014,4.39652207055196e-05
732,4.3916845391302905e-05
192,4.3381252727503005e-05
460,4.3118145786089516e-05
1242,4.3045750024609774e-05
763,4.2930042217009216e-05
1486,4.292603465641862e-05
542,4.254904146083151e-05
324,4.228801946353865e-05
1520,4.220534831951072e-05
97,4.212000282878207e-05
400,4.207699374545466e-05
1038,4.200092482118045e-05
1133,4.193734747742835e-05
1413,4.1915876011361e-05
1277,4.1828783594864986e-05
783,4.169716421249933e-05
374,4.168860606861429e-05
910,4.140691461307797e-05
230,4.104498890842267e-05
129,4.0471389584038965e-05
1336,4.0150981241278626e-05
1767,3.948047992178556e-05
1343,3.933191839418553e-05
998,3.917669160296623e-05
1099,3.9148718492669886e-05
1641,3.906952210919292e-05
432,3.906796521053541e-05
1131,3.891970683090291e-05
1328,3.806450860441838e-05
160,3.79683890211496e-05
304,3.7669647785824345e-05
1773,3.7631718844999584e-05
321,3.761281664147684e-05
764,3.749351265552942e-05
347,3.7463044374861164e-05
2019,3.740784344075242e-05
1506,3.721934787022038e-05
1916,3.6865239595638e-05
390,3.683410842916484e-05
857,3.6667079583198294e-05
1571,3.666003555305673e-05
900,3.643926533220604e-05
827,3.6330618352799173e-05
549,3.617517707535055e-05
529,3.612941143798342e-05
1442,3.5715468498776435e-05
1776,3.5712194357408625e-05
1524,3.5138697799469264e-05
46,3.491240097254072e-05
1150,3.458700503892389e-05
851,3.443055096353642e-05
1723,3.442553661556983e-05
1180,3.4414178532237645e-05
789,3.3888124567560956e-05
1418,3.383772898102579e-05
1541,3.372758676793492e-05
276,3.372130617253577e-05
878,3.35310351191615e-05
578,3.352142548406941e-05
2041,3.3450540943069126e-05
979,3.339170254257179e-05
370,3.3292470227145815e-05
1880,3.276610736738867e-05
1346,3.233785104314935e-05
303,3.209987912964863e-05
1514,3.209219093505104e-05
1966,3.1541300408228995e-05
1608,3.151122667958857e-05
1212,3.141490057436943e-05
1574,3.12878799622472e-05
961,3.119295239229549e-05
1644,3.104676387817104e-05
1290,3.09404313629993e-05
873,3.093131658868539e-05
1983,3.092440307247622e-05
1883,3.0754170744656855e-05
574,3.0737434140290667e-05
1369,3.063824974461159e-05
593,3.057363150439219e-05
1022,3.0462910416023705e-05
1505,3.041896402599319e-05
1988,3.0253928658547637e-05
729,3.015494189269867e-05
1053,3.0034747790010985e-05
774,3.0010091042396965e-05
1467,2.9574644503958908e-05
762,2.9557692774620976e-05
531,2.9423268269783225e-05
513,2.923731585765207e-05
977,2.9225941116671995e-05
334,2.8855483281192823e-05
712,2.88421178233944e-05
515,2.8801400923331688e-05
1488,2.8744554556937343e-05
270,2.8719760629990017e-05
1617,2.8666366477969804e-05
1598,2.863155670424618e-05
583,2.853929229292479e-05
1161,2.8454953907763582e-05
1830,2.8213861347042593e-05
1768,2.8169985503065734e-05
1018,2.8116597893395024e-05
315,2.8092521974895207e-05
247,2.8009293351456532e-05
1020,2.793276691259394e-05
1345,2.7722494184227756e-05
239,2.7511014115979274e-05
1635,2.7368157224195366e-05
914,2.7328949958288634e-05
658,2.7115872822323752e-05
846,2.6365242751446934e-05
302,2.629368669338364e-05
148,2.610741672583259e-05
0,2.604736204471663e-05
1444,2.588440330600364e-05
972,2.5694126649741538e-05
1868,2.545167532437006e-05
1076,2.5325387433994184e-05
1794,2.5003163643692517e-05
435,2.4951513339860412e-05
730,2.487766605054935e-05
457,2.4658332973729345e-05
1241,2.4650891074221072e-05
1406,2.4570135930792504e-05
1046,2.4466085612541978e-05
1189,2.4396375731353465e-05
1653,2.4315384975954388e-05
677,2.430468622310417e-05
752,2.42450093439057e-05
1614,2.4169603161402824e-05
1118,2.4169025873701407e-05
657,2.410409722955445e-05
891,2.3743700088470224e-05
1012,2.369285145511451e-05
742,2.3344437591499178e-05
754,2.3300049261349422e-05
1194,2.3130357122807093e-05
1008,2.297860627876329e-05
780,2.295393685764065e-05
1037,2.2909086917303802e-05
377,2.288845351603693e-05
903,2.2786765571946002e-05
1419,2.2726973982514875e-05
439,2.2548278267907392e-05
55,2.2527087873794456e-05
1062,2.2251202940234015e-05
867,2.2170790857894045e-05
1179,2.212270445081454e-05
456,2.2045360280123866e-05
597,2.1970818012436435e-05
1142,2.1597541333222494e-05
779,2.1539545556153186e-05
1372,2.1484767368451144e-05
620,2.1071906817063343e-05
1111,2.0885024094719015e-05
39,2.0726360486329048e-05
442,2.059173329328515e-05
963,2.059114725895759e-05
1710,2.0555291787256722e-05
962,2.0437797015305263e-05
971,2.041522198971819e-05
1698,2.0323113941292208e-05
482,2.0294593685743334e-05
1933,2.0207128350598706e-05
30,2.0193126217828386e-05
98,1.9898904745516033e-05
1691,1.982669457090339e-05
1968,1.9759792756695804e-05
793,1.97021284075585e-05
344,1.965962315704858e-05
308,1.9616856167621537e-05
1790,1.9396068758403907e-05
643,1.9345234298514396e-05
1688,1.93321264643811e-05
1782,1.920263832301834e-05
702,1.9074701261777557e-05
1902,1.8942525381562e-05
2029,1.8849951865990432e-05
645,1.876984519052527e-05
103,1.8585055634278925e-05
681,1.854472582524455e-05
1601,1.8509438117325837e-05
1551,1.8449628738152104e-05
1741,1.841128265429306e-05
636,1.8358108249143396e-05
1686,1.8184081964243092e-05
131,1.8183483530617603e-05
1661,1.8159454376089448e-05
1775,1.810762216559827e-05
1318,1.8098394155325795e-05
89,1.8079310428031114e-05
1955,1.800193886616405e-05
2025,1.7895044383613993e-05
2011,1.771258297669294e-05
1858,1.7444385680929574e-05
1068,1.73414715704487e-05
1788,1.7265563783325385e-05
300,1.7256266488767948e-05
748,1.7044936839597304e-05
587,1.700813681677734e-05
2001,1.691691077103241e-05
863,1.6649639221751156e-05
477,1.643739400137333e-05
49,1.6361526310500845e-05
100,1.6353492164175273e-05
354,1.6325041310033164e-05
905,1.6228312367927126e-05
77,1.6216705660015158e-05
1005,1.6158251866568214e-05
853,1.612454590079384e-05
524,1.602544169593826e-05
1940,1.593792726109422e-05
993,1.592585753424599e-05
510,1.5888551402020266e-05
1725,1.5587123052024403e-05
757,1.557877802885289e-05
872,1.5436343088270107e-05
1149,1.5377808782054267e-05
449,1.5254069660281119e-05
332,1.5225967784658989e-05
401,1.5204372569099958e-05
1994,1.5166029985695342e-05
860,1.5135355392241043e-05
1560,1.5131516028575213e-05
1695,1.5080515081706555e-05
889,1.4937721315416174e-05
246,1.4864038727040279e-05
1993,1.4736768550126945e-05
741,1.4660873157461224e-05
1737,1.4596926565680253e-05
1460,1.4581766888391584e-05
320,1.4398711655306941e-05
959,1.4382704417497247e-05
1081,1.4352613045643925e-05
671,1.4279377061502349e-05
678,1.4241823608574212e-05
839,1.388761215824451e-05
6,1.3882632535710278e-05
1332,1.3862508209748834e-05
37,1.3849513151937205e-05
1666,1.3778278379699552e-05
904,1.3762592043649132e-05
445,1.3638053647868366e-05
786,1.3379124685306025e-05
234,1.333529065188437e-05
2006,1.3307167394100761e-05
25,1.3292793215808333e-05
629,1.3202738400508442e-05
1685,1.317078153738035e-05
199,1.3159746024780031e-05
1780,1.309754594741278e-05
299,1.2999920084003358e-05
1729,1.2709076196617661e-05
824,1.2394564850325728e-05
625,1.2196966314102669e-05
1664,1.1953149435821704e-05
1033,1.1851133988656552e-05
1576,1.1846257428999146e-05
1130,1.1673988954301024e-05
1707,1.1442516714775196e-05
1423,1.136468700680749e-05
210,1.1329385409093098e-05
422,1.1273277954751511e-05
1587,1.1258895837704329e-05
1069,1.1234490645658428e-05
1942,1.1190267441560108e-05
2012,1.1091573626162638e-05
1949,1.0886391532068923e-05
1329,1.0881831131099238e-05
815,1.088144184374636e-05
767,1.056263669058022e-05
373,1.0510422722121143e-05
1251,1.0473022215065495e-05
631,1.034247721369723e-05
1139,1.029986410412943e-05
1079,1.0275757727413594e-05
1583,1.0267774144771403e-05
719,1.0260099255264608e-05
1198,1.0258151549316737e-05
1826,1.025032119919925e-05
447,1.0186920101290597e-05
339,1.0134811762215522e-05
1443,1.0107323670377926e-05
1760,1.0099968499587189e-05
640,1.0098534093118192e-05
1331,1.0039206295403508e-05
1078,9.934349286058552e-06
1109,9.81983688788447e-06
799,9.684714013609428e-06
792,9.632176584060657e-06
801,9.553341109273658e-06
1749,9.548778473615464e-06
23,9.524420263516644e-06
170,9.437263905387962e-06
1474,9.416695839168946e-06
584,9.249467638248345e-06
1786,9.184638265769617e-06
1025,9.16467126031234e-06
256,9.152400660998346e-06
682,9.12627566807133e-06
1316,9.123427360863283e-06
454,9.058792155908603e-06
1217,8.998154225134715e-06
164,8.992176947895795e-06
943,8.903549415998024e-06
1137,8.821167633381911e-06
511,8.758649601829747e-06
1553,8.556969162154474e-06
688,8.362364399230528e-06
500,8.321693118914782e-06
1259,8.266974340910503e-06
127,8.234625757242748e-06
1600,8.128672223166084e-06
1462,8.124684988249042e-06
1945,8.11332750545586e-06
1531,7.941194441144122e-06
169,7.899678809119519e-06
613,7.85265734588757e-06
1113,7.79826980198204e-06
1363,7.629484413364043e-06
886,7.5997807212572e-06
1759,7.542773495663766e-06
948,7.506845207506634e-06
2015,7.505822657103438e-06
1726,7.496539591450487e-06
670,7.464650701710504e-06
2008,7.410774242852573e-06
345,7.360033296148e-06
1323,7.28821094824132e-06
1227,7.248648003113189e-06
973,7.209666935562768e-06
1827,7.058745992955394e-06
1753,7.020914643871702e-06
73,6.977632427473807e-06
360,6.960640693491951e-06
70,6.851846853800997e-06
2027,6.813784116730696e-06
232,6.759744962790967e-06
44,6.7564644123361566e-06
1173,6.737189721165282e-06
101,6.6446257094711475e-06
396,6.6171641578230046e-06
120,6.603695170540933e-06
96,6.482747546210491e-06
939,6.429655927447955e-06
603,6.404834738232844e-06
830,6.357255874000817e-06
1010,6.284397182709083e-06
1871,6.043229792106809e-06
1835,5.974362197858541e-06
1818,5.9407473635470136e-06
615,5.9268932725694155e-06
1282,5.875463761494421e-06
253,5.815561836222333e-06
183,5.67612177325987e-06
1772,5.672293955065727e-06
1656,5.654162237350449e-06
406,5.601004827471693e-06
168,5.574267585138492e-06
38,5.564723226679697e-06
1793,5.555282119060162e-06
633,5.552431568797176e-06
1247,5.544706412537419e-06
1424,5.515374268298442e-06
1061,5.499743265830055e-06
161,5.47962542779248e-06
1165,5.459042656826079e-06
382,5.447990850162204e-06
1976,5.399610008073628e-06
508,5.370820960295157e-06
1197,5.366431950848342e-06
918,5.3627564913046316e-06
35,5.360310979841639e-06
722,5.356180468235128e-06
1996,5.3054185363012765e-06
1651,5.2751266305854174e-06
467,5.273056731716298e-06
205,5.24915645509382e-06
1355,5.229527369514646e-06
1889,5.206535271238784e-06
22,5.20540200389404e-06
1947,5.127057242717643e-06
481,5.11566103610913e-06
1459,5.097763319066511e-06
223,5.067067395918365e-06
546,5.0665770284896215e-06
1801,4.985130487248929e-06
348,4.9661965564136974e-06
1751,4.84911650023591e-06
479,4.8318574756631636e-06
1074,4.7998617508157985e-06
1802,4.772390321209448e-06
1411,4.768072436537905e-06
727,4.729324758616548e-06
1382,4.609112271413021e-06
21,4.604625387417419e-06
1041,4.599139655861188e-06
1196,4.58601814659703e-06
697,4.581827874366852e-06
919,4.5559709476638255e-06
2036,4.549802369226942e-06
1842,4.538069578173321e-06
655,4.491268396209186e-06
111,4.436250033704532e-06
1748,4.4292161276183294e-06
1056,4.364763245621731e-06
818,4.358634649134465e-06
1393,4.278830935316031e-06
228,4.263160875751195e-06
683,4.208328539498451e-06
1796,4.208301623841125e-06
342,4.104983573337921e-06
1654,4.0942325772081715e-06
452,4.05494047949708e-06
307,4.0237705073854485e-06
244,4.000189941084765e-06
856,3.98373209674073e-06
1191,3.8960563144557465e-06
416,3.889816128781001e-06
1250,3.888947699448556e-06
862,3.8712388838078196e-06
871,3.8587451047880804e-06
538,3.8180265059838716e-06
238,3.8056806323698094e-06
331,3.783778054295863e-06
1730,3.783424349587298e-06
1953,3.7512637474376876e-06
150,3.7425460421710898e-06
67,3.677294823826214e-06
424,3.6283503968827353e-06
1896,3.608735129634217e-06
1908,3.6047390178522904e-06
420,3.568246770159607e-06
1278,3.5641484443768194e-06
1716,3.527465686157537e-06
1315,3.526045703141961e-06
1414,3.5237814523918714e-06
126,3.4971880460528525e-06
986,3.491605882937651e-06
1559,3.452819116532718e-06
1525,3.4117501796783293e-06
525,3.3912866797957126e-06
336,3.386990735063717e-06
1572,3.3250385339131263e-06
1080,3.2861760461626258e-06
850,3.2462233709047576e-06
494,3.221632283958807e-06
1288,3.1976904356980556e-06
520,3.1767387056525518e-06
174,3.1637883916375727e-06
1500,3.1159285129861566e-06
997,3.0368725691275026e-06
989,3.036421279120675e-06
929,2.99581421672039e-06
1705,2.9658514364834257e-06
1532,2.955861860406011e-06
1183,2.946548534641993e-06
1465,2.932323545851588e-06
1095,2.9168952766613707e-06
945,2.9015451265910156e-06
776,2.8914986557913186e-06
2013,2.8408589693422965e-06
1185,2.8318740817198423e-06
472,2.8107023035131216e-06
1625,2.809056594521917e-06
1901,2.7507605436190313e-06
1029,2.7434416054086353e-06
1959,2.6966407420100017e-06
1592,2.6690821275013343e-06
1193,2.6388200489501494e-06
1807,2.617987891637249e-06
138,2.5847216167101216e-06
1228,2.490436292493822e-06
316,2.4147686969222547e-06
1662,2.3229320972907137e-06
188,2.3040071366370953e-06
1376,2.274234017639955e-06
665,2.204811725494025e-06
340,2.192704616540737e-06
196,2.150937107711226e-06
2023,2.1037931664692114e-06
551,2.044532362164222e-06
69,2.0355505167999224e-06
1659,2.0299941336949904e-06
159,2.0171512780870487e-06
1628,2.0128759120358753e-06
1388,2.0114836093827156e-06
1485,1.9647780741619558e-06
1253,1.9553987155146895e-06
1549,1.9536208968774162e-06
1341,1.9378606698420304e-06
356,1.919333068525935e-06
1314,1.91466421351363e-06
808,1.8739771850158782e-06
443,1.8528807271429363e-06
358,1.8521034098343465e-06
1396,1.7508463185602563e-06
1856,1.7445653270084798e-06
1534,1.7187311093377332e-06
1865,1.7181931587720037e-06
1223,1.7151197068700723e-06
1774,1.6904635061462114e-06
1930,1.6677321246035141e-06
385,1.5803919030354107e-06
429,1.5792220362733044e-06
1936,1.5783997758236118e-06
1681,1.5674302868412543e-06
1909,1.5489214952897556e-06
1795,1.525788030993362e-06
483,1.493118854581898e-06
1986,1.4910388893790317e-06
1690,1.4440761375388561e-06
123,1.4408636159561652e-06
110,1.422629997712928e-06
1684,1.41755639200563e-06
576,1.3276389650564738e-06
821,1.3213660694213153e-06
1421,1.3153555524712312e-06
1546,1.300732151600625e-06
1135,1.2599417906609383e-06
925,1.193732469737833e-06
770,1.1675361924837291e-06
579,1.167217006315892e-06
2031,1.0729129676909822e-06
957,1.039889861620573e-06
1426,1.0125489457194817e-06
1893,1.008207871303077e-06
306,9.303726928452932e-07
669,8.868611577317338e-07
685,8.655507428430134e-07
897,8.502457894230676e-07
1987,8.47019300050952e-07
1931,7.81358414374619e-07
1103,7.649232022581074e-07
756,7.285638131963692e-07
2016,7.065462882466313e-07
1918,5.213545426997489e-07
1636,4.2562003977079136e-07
1107,4.1751804828245257e-07
2026,3.8949698989478715e-07
1619,3.001651148620973e-07
2007,2.7934596048071585e-07
686,2.2486932222935284e-07
1469,2.2000589016008556e-07
933,1.5042709669125896e-07
563,1.4942461584402498e-07
672,1.2295555467777737e-07
1674,1.2200084591699755e-07
1272,9.663449764727897e-08
723,1.5206714070786325e-08
2047,4.2382264391342594e-17
1021,2.0731314125573627e-17
1894,1.2073348622862518e-17
149,9.584347488264984e-18
596,6.154698644397589e-18
1595,4.343064124799895e-18
1148,4.28444482770952e-18
1533,2.7365675023808032e-18
1207,2.3612742854938933e-18
68,1.949469660473966e-18
1510,1.8581279355184402e-18
512,1.7393703080676283e-18
209,1.5060607951185154e-18
1864,1.4052969066489517e-18
434,1.2195998073983894e-18
399,1.02362413974738e-18
1361,9.85353588679109e-19
1833,7.449570458420252e-19
1845,7.302233797553717e-19
1913,6.185696311370396e-19
1213,6.072793679780164e-19
708,6.047503951460952e-19
599,5.788336923942338e-19
1740,4.813691998300523e-19
700,4.388803246263636e-19
478,3.942591383323321e-19
178,3.7869993362604087e-19
492,3.7590789755859175e-19
1098,3.3970225184290544e-19
1166,3.234371341392692e-19
1850,2.5631418137520723e-19
1394,2.478300875043876e-19
1846,2.433702005583886e-19
181,2.113393438136922e-19
1359,1.7359882010811908e-19
509,1.6731521438849694e-19
36,1.6682556795715227e-19
405,1.5188756298272935e-19
1040,1.2910157350570888e-19
1221,1.2804611711962883e-19
151,1.2269176671136947e-19
647,1.1670638090894137e-19
64,1.156911060740648e-19
286,1.100884212697441e-19
1352,1.0894310009494101e-19
1073,1.027134135302024e-19
1436,8.766385614520728e-20
311,8.138964911119812e-20
930,7.88919807186349e-20
1565,7.8783744973924e-20
51,6.606142573776815e-20
1146,6.354021233685174e-20
1872,6.178696733293343e-20
495,6.135961273541611e-20
1435,6.123103469213362e-20
1075,4.9351127507301166e-20
292,4.807149639330129e-20
1287,4.6956556606786264e-20
1958,4.639006776721932e-20
982,4.2730389134785166e-20
1499,3.601308823285464e-20
788,2.9577027406470796e-20
553,2.853519755813994e-20
617,2.771664352974793e-20
870,2.6319450362208284e-20
363,1.5682637076314603e-20
124,1.4495529484251027e-20
1789,1.2867603863740163e-20
1694,1.1501799730379978e-20
280,1.1411114811326504e-20
1415,6.85171571356348e-21
1380,0.0
1967,0.0
1263,0.0
139,0.0
565,0.0
136,0.0
135,0.0
134,0.0
572,0.0
709,0.0
1821,0.0
1112,0.0
1492,0.0
1381,0.0
995,0.0
115,0.0
113,0.0
594,0.0
706,0.0
109,0.0
612,0.0
1178,0.0
108,0.0
1622,0.0
1965,0.0
1720,0.0
545,0.0
1202,0.0
518,0.0
1735,0.0
179,0.0
1512,0.0
1378,0.0
1944,0.0
1732,0.0
740,0.0
1615,0.0
173,0.0
1509,0.0
172,0.0
733,0.0
537,0.0
966,0.0
1438,0.0
1439,0.0
976,0.0
1957,0.0
1177,0.0
1201,0.0
539,0.0
540,0.0
152,0.0
1266,0.0
999,0.0
1383,0.0
1739,0.0
1306,0.0
646,0.0
648,0.0
1310,0.0
1643,0.0
651,0.0
1311,0.0
673,0.0
1658,0.0
659,0.0
1186,0.0
660,0.0
28,0.0
1464,0.0
1072,0.0
2037,0.0
1188,0.0
1093,0.0
663,0.0
19,0.0
17,0.0
16,0.0
12,0.0
10,0.0
1084,0.0
1100,0.0
47,0.0
48,0.0
627,0.0
1337,0.0
1000,0.0
1003,0.0
616,0.0
1335,0.0
1286,0.0
1016,0.0
698,0.0
696,0.0
2003,0.0
1386,0.0
1687,0.0
1297,0.0
1320,0.0
1478,0.0
1680,0.0
58,0.0
1678,0.0
1676,0.0
639,0.0
1400,0.0
1044,0.0
644,0.0
1190,0.0
185,0.0
187,0.0
186,0.0
436,0.0
423,0.0
1852,0.0
1805,0.0
427,0.0
1234,0.0
810,0.0
1857,0.0
1237,0.0
1229,0.0
1427,0.0
868,0.0
1579,0.0
418,0.0
796,0.0
1584,0.0
791,0.0
1867,0.0
1354,0.0
1869,0.0
1132,0.0
887,0.0
1787,0.0
1874,0.0
1119,0.0
1568,0.0
1848,0.0
1877,0.0
1558,0.0
403,0.0
402,0.0
404,0.0
852,0.0
1562,0.0
410,0.0
1829,0.0
414,0.0
391,0.0
415,0.0
1813,0.0
858,0.0
365,0.0
380,0.0
1358,0.0
1838,0.0
376,0.0
1555,0.0
1841,0.0
1425,0.0
372,0.0
367,0.0
1566,0.0
417,0.0
1244,0.0
1785,0.0
1822,0.0
928,0.0
913,0.0
240,0.0
922,0.0
1763,0.0
236,0.0
923,0.0
924,0.0
778,0.0
777,0.0
225,0.0
224,0.0
215,0.0
907,0.0
773,0.0
1924,0.0
1206,0.0
485,0.0
200,0.0
1606,0.0
505,0.0
506,0.0
1408,0.0
1204,0.0
1515,0.0
1596,0.0
1907,0.0
312,0.0
451,0.0
1220,0.0
1881,0.0
1350,0.0
1144,0.0
1591,0.0
1885,0.0
1246,0.0
1431,0.0
450,0.0
1433,0.0
290,0.0
285,0.0
1906,0.0
1593,0.0
453,0.0
1117,0.0
266,0.0
264,0.0
261,0.0
1210,0.0
1371,0.0
254,0.0
459,0.0
1248,0.0
1650,0.0
